2017-11-15,23.400000,23.400000,50
2017-11-16,23.400000,23.400000,50
2017-11-17,24.660999,24.660999,50
2017-11-20,24.386000,24.459000,50
2017-11-21,24.900000,24.950001,50
2017-11-22,26.000000,26.000000,91.26986747293171
2017-11-24,25.400000,25.540001,76.66668088889644
2017-11-27,25.620001,27.799999,67.70029531192317
2017-11-28,25.150000,26.200001,63.15426091304343
2017-11-29,26.500000,26.500000,71.39036289285406
2017-11-30,25.730000,26.339001,46.04105804043518
2017-12-01,26.219999,26.809999,62.42422350781109
2017-12-04,28.500000,28.500000,76.86565730118335
2017-12-05,26.420000,26.459000,59.11047345767578
2017-12-06,25.469999,25.469999,42.16133300436332
2017-12-07,24.430000,24.830000,40.497076023391806
2017-12-08,24.510000,25.510000,36.702964742929275
2017-12-11,26.840000,28.240000,37.191358024691354
2017-12-12,27.209999,30.990000,58.28091368572612
2017-12-13,28.540001,31.004999,79.80584466019415
2017-12-14,29.090000,29.740000,100.0
2017-12-15,26.700001,27.865000,65.71019594120457
2017-12-18,29.610001,29.610001,68.34437991316291
2017-12-19,27.780001,27.780001,53.163163152053265
2017-12-20,27.870001,27.870001,45.68854457877594
2017-12-21,27.350000,27.702999,38.759689922480625
2017-12-22,27.344999,27.520000,56.02238804019122
2017-12-26,27.520000,27.520000,10.114530403209399
2017-12-27,28.030001,28.040001,59.61535502967688
2017-12-28,27.670000,27.670000,43.630561686109345
2017-12-29,27.309999,27.309999,48.58152985273101
2018-01-02,27.219999,28.355000,45.8194091788383
2018-01-03,29.040001,31.040001,74.20379903853662
2018-01-04,30.240000,30.311001,78.85113928109199
2018-01-05,29.600000,30.275000,73.47930730933953
2018-01-08,30.490000,31.589001,84.26724476999038
2018-01-09,30.090000,31.589001,78.98990323436303
2018-01-10,30.990000,31.000000,74.19354198350922
2018-01-11,30.730000,31.579000,57.92880258899682
2018-01-12,31.980000,33.430000,82.16216216216222
2018-01-16,32.799999,42.900002,81.81817680941516
2018-01-17,32.160000,33.089001,76.74419986780352
2018-01-18,32.349998,33.400002,71.51898293542142
2018-01-19,32.820000,33.220001,81.00892048007145
2018-01-22,32.922001,39.490002,71.19715175389364
2018-01-23,34.000000,35.116001,74.19357830386217
2018-01-24,35.750000,35.750000,100.0
2018-01-25,34.290001,34.963001,69.9588744940587
2018-01-26,35.014999,37.431999,71.45650329804688
2018-01-29,35.590000,37.340000,73.87258797740941
2018-01-30,36.189999,36.189999,71.42857422421186
2018-01-31,33.820000,34.299999,33.15880150701678
2018-02-01,30.459999,32.730000,24.901684115775687
2018-02-02,31.870001,32.219002,31.088411043076086
2018-02-05,29.360001,30.000000,19.609763940510803
2018-02-06,25.309999,28.820000,10.291982396501483
2018-02-07,28.860001,28.930000,33.333344534044905
2018-02-08,27.750000,27.750000,39.2715855185195
2018-02-09,24.466000,25.100000,24.476011970486777
2018-02-12,25.879999,26.670000,37.02266944431103
2018-02-13,27.330000,27.330000,59.344931714027084
2018-02-14,26.600000,27.997000,35.853776182551805
2018-02-15,28.580000,29.110001,54.6850304809212
2018-02-16,29.990000,29.990000,89.54753722794963
2018-02-20,29.000000,29.288000,73.78049180175434
2018-02-21,28.650000,29.941999,62.08791208791211
2018-02-22,27.972000,30.000000,62.68491124260357
2018-02-23,28.299999,29.040001,46.2726161535187
2018-02-26,28.510000,28.739000,21.04851330203446
2018-02-27,28.000000,28.032000,25.91522157996147
2018-02-28,26.846001,27.540001,18.68056204186184
2018-03-01,25.000000,25.600000,13.290513833992096
2018-03-02,22.910000,25.471001,3.614474420916653
2018-03-05,24.860001,26.200001,25.82782439366564
2018-03-06,26.000000,26.000000,37.775061124694375
2018-03-07,25.757000,26.160000,42.50928016105652
2018-03-08,26.200001,27.006001,60.22844182945077
2018-03-09,28.750000,28.750000,96.15871008536202
2018-03-12,27.900000,28.629999,79.08533851613825
2018-03-13,29.179001,29.179001,79.62721721766688
2018-03-14,28.280001,28.565001,70.95167398244907
2018-03-15,28.059999,28.150000,66.03999101759538
2018-03-16,27.629999,27.700001,34.77433270174061
2018-03-19,27.200001,27.200001,39.2572316583083
2018-03-20,26.253000,26.253000,0.0
2018-03-21,26.340000,26.389999,4.115419056093153
2018-03-22,25.000000,25.510000,2.690167807720402
2018-03-23,25.000000,25.510000,3.102711520225211
2018-03-26,23.247000,23.750000,2.108068304320734
2018-03-27,23.650000,23.799999,13.675690761931305
2018-03-28,22.040001,23.379999,7.892676829744755
2018-03-29,23.576000,23.690001,36.57110017770659
2018-04-02,22.980000,23.170000,32.87554522738054
2018-04-03,21.360001,22.573999,33.6339984218552
2018-04-04,21.000000,23.690001,26.843752828994358
2018-04-05,23.879999,23.879999,63.157884198479465
2018-04-06,22.860001,22.929001,44.47190139217174
2018-04-09,22.280001,22.545000,44.5820485675148
2018-04-10,22.900000,23.874001,64.10256269371574
2018-04-11,23.302999,24.184000,70.92495995362523
2018-04-12,24.000000,24.052000,51.80724560895685
2018-04-13,23.799999,23.799999,68.79995999999996
2018-04-16,23.658001,23.658001,83.4141934182283
2018-04-17,23.770000,24.450001,77.99231401842214
2018-04-18,24.653999,24.653999,83.19413581733245
2018-04-19,24.000000,24.013000,50.0
2018-04-20,23.450001,23.450001,42.52777761172746
2018-04-23,23.590000,23.600000,48.54698407475232
2018-04-24,23.277000,23.389999,40.29907957352158
2018-04-25,22.136000,22.440001,5.003543606372688
2018-04-26,22.076000,22.076000,6.35204750639518
2018-04-27,23.320000,23.430000,47.75705581678945
2018-04-30,23.450001,23.450001,47.57619543760546
2018-05-01,22.900000,22.900000,43.968003860477495
2018-05-02,22.000000,22.000000,47.64216529669537
2018-05-03,21.219999,21.219999,38.1243023382611
2018-05-04,20.879000,21.590000,4.81306566970332
2018-05-07,21.510000,21.590000,19.706427324663558
2018-05-08,21.770000,22.000000,30.59752747252746
2018-05-09,21.740000,22.760000,43.6336924583741
2018-05-10,22.820000,22.820000,84.15887453410524
2018-05-11,23.110001,24.799999,98.69052872521657
2018-05-14,25.209999,25.520000,99.20212744737428
2018-05-15,24.650000,25.230000,85.46799776748654
2018-05-16,25.257000,25.850000,87.92324258065238
2018-05-17,25.900000,26.170000,86.66668412699242
2018-05-18,26.242001,26.264000,86.82974451069823
2018-05-21,26.270000,26.381001,74.31196069355993
2018-05-22,25.473000,25.625999,67.02523789822094
2018-05-23,25.090000,25.250000,46.192430460556274
2018-05-24,25.594999,25.862000,42.57904748372148
2018-05-25,25.920000,25.920000,42.10006972525511
2018-05-29,25.120001,25.320000,29.537377059564804
2018-05-30,26.252001,26.780001,62.38475751502623
2018-05-31,26.209999,26.209999,69.97144437537642
2018-06-01,26.080000,26.620001,59.983548792281184
2018-06-04,26.600000,26.600000,62.95731707317067
2018-06-05,27.215000,27.535000,92.94789137027819
2018-06-06,27.650000,28.719999,90.12623988160733
2018-06-07,28.650000,28.910000,95.18522043897048
2018-06-08,29.000000,30.030001,100.0
2018-06-11,29.799999,30.570000,99.99999999999999
2018-06-12,31.540001,31.540001,100.0
2018-06-13,30.250000,30.913000,75.09651540675081
2018-06-14,29.854000,30.610001,63.15558865577419
2018-06-15,30.070999,30.215000,62.052653150426934
2018-06-18,29.700001,29.837999,48.75438465371202
2018-06-19,28.969999,30.000000,7.22366844207727
2018-06-20,30.615000,30.719999,55.43316463233103
2018-06-21,30.299999,30.370001,56.80291128648223
2018-06-22,30.150000,30.150000,51.23016156021125
2018-06-25,29.555000,29.555000,47.88936137755919
2018-06-26,28.430000,28.700001,42.950406540363794
2018-06-27,28.320000,28.320000,0.0
2018-06-28,28.115000,28.709999,0.0
2018-06-29,29.280001,29.299999,36.406269873040664
2018-07-02,28.700001,28.900000,36.57772791908072
2018-07-03,29.770000,29.770000,71.40575079872205
2018-07-05,29.549999,30.010000,68.98146019090734
2018-07-06,30.200001,32.150002,78.29035688709077
2018-07-09,34.110001,36.810001,87.5583086910393
2018-07-10,32.310001,32.721001,73.59476507326404
2018-07-11,32.200001,32.200001,68.16143430727911
2018-07-12,32.400002,33.347000,71.36433072069086
2018-07-13,33.150002,33.330002,71.7873010653913
2018-07-16,33.900002,33.900002,47.09142739849661
2018-07-17,32.750000,33.057999,57.43240800769459
2018-07-18,32.724998,33.256001,59.13036672979697
2018-07-19,32.560001,32.810001,52.81688281095674
2018-07-20,32.599998,32.599998,37.089095858305946
2018-07-23,32.405998,32.405998,2.541108692641257
2018-07-24,33.040001,33.150002,63.70516418257465
2018-07-25,32.884998,33.110001,56.73400673400692
2018-07-26,32.570000,33.388000,50.3736544292568
2018-07-27,34.250000,34.250000,77.70315285002978
2018-07-30,31.139999,31.760000,39.260282269865755
2018-07-31,32.587002,33.070000,46.62294123830235
2018-08-01,33.349998,33.400002,53.17840141583085
2018-08-02,32.970001,33.066002,52.71003497697901
2018-08-03,33.490002,34.150002,43.89068935391937
2018-08-06,33.962002,34.581001,89.39147631893614
2018-08-07,35.000000,35.299999,88.0240164488282
2018-08-08,35.750000,36.500000,87.9747632591941
2018-08-09,36.750000,36.750000,100.00000000000001
2018-08-10,34.700001,35.512001,61.39359400768025
2018-08-13,34.650002,34.650002,57.03764896697954
2018-08-14,34.169998,35.139000,40.41568572023754
2018-08-15,35.110001,35.110001,42.92037287569369
2018-08-16,35.000000,35.990002,25.895356646793385
2018-08-17,35.500000,36.248001,69.23068047367153
2018-08-20,36.880001,36.880001,82.69784625201872
2018-08-21,37.139999,37.139999,96.55169603288785
2018-08-22,36.709999,37.250000,79.85070895522401
2018-08-23,37.070000,37.070000,85.32423208191128
2018-08-24,36.580002,36.696999,68.49319759808056
2018-08-27,36.419998,37.249001,36.47050795852472
2018-08-28,37.349998,37.349998,54.43035304174713
2018-08-29,36.820000,38.130001,52.226739989174035
2018-08-30,38.389999,38.389999,67.93477389531903
2018-08-31,37.500000,37.500000,61.274485294117625
2018-09-04,37.400002,37.400002,62.189122670332345
2018-09-05,35.860001,36.431999,33.909302277864235
2018-09-06,36.171001,36.171001,42.643397853138396
2018-09-07,34.945000,35.414001,7.646916067596765
2018-09-10,35.540001,35.540001,24.01910816036362
2018-09-11,33.750000,34.400002,16.587336808980687
2018-09-12,33.910000,35.016998,26.11465498677969
2018-09-13,35.560001,35.560001,44.36451255154951
2018-09-14,35.250000,35.340000,53.3851246303
2018-09-17,34.477001,34.554001,38.650442600707876
2018-09-18,34.919998,35.502998,67.53595176016294
2018-09-19,35.650002,35.730999,72.27343969613948
2018-09-20,36.049999,36.160000,59.22436688581845
2018-09-21,36.910000,36.910000,75.88897435369579
2018-09-24,36.060001,36.220001,74.10906129092984
2018-09-25,35.930000,36.570000,67.00338922330695
2018-09-26,36.310001,36.487000,62.5954055707655
2018-09-27,36.090000,36.886002,50.81969161513334
2018-09-28,36.444000,37.030998,37.95244265517834
2018-10-01,37.029999,37.029999,79.04182150680067
2018-10-02,35.020000,35.139999,37.18309859154928
2018-10-03,35.000000,36.020000,29.467062528859643
2018-10-04,34.830002,34.830002,29.93631202077953
2018-10-05,34.905998,34.905998,23.130567800329054
2018-10-08,33.790001,33.868000,2.2404547183215917
2018-10-09,33.592999,34.455002,4.812940906007597
2018-10-10,33.555000,33.555000,4.758696349136171
2018-10-11,31.209999,31.410000,2.0147428615360448
2018-10-12,29.653999,29.989000,0.0
2018-10-15,29.674999,29.885000,0.5051717559914767
2018-10-16,30.290001,32.590000,13.901676982873473
2018-10-17,31.790001,32.310001,35.38182770490591
2018-10-18,32.299999,32.299999,62.970014278914796
2018-10-19,31.299999,31.299999,72.5726823916621
2018-10-22,30.000000,30.000000,53.29950320802096
2018-10-23,28.940001,29.483000,37.43015823475472
2018-10-24,28.650000,28.905001,12.259576148732785
2018-10-25,25.270000,26.643999,0.0
2018-10-26,25.625999,25.980000,5.574680731187209
2018-10-29,26.000000,26.000000,13.369963369963376
2018-10-30,26.559999,26.565001,26.008044354838738
2018-10-31,27.100000,27.200001,35.12476007677546
2018-11-01,27.200001,28.945999,100.00000000000001
2018-11-02,30.260000,31.760000,100.0
2018-11-05,28.000000,29.108999,65.33742331288343
2018-11-06,29.160000,30.049999,68.25843142437759
2018-11-07,29.920000,31.516001,69.20980926430516
2018-11-08,31.330000,31.375000,73.87282934946002
2018-11-09,30.150000,30.320999,49.18759231905463
2018-11-12,29.719999,29.966000,67.40889323706618
2018-11-13,29.485001,29.549999,54.04733600182716
2018-11-14,27.830000,27.945000,28.716904276985694
2018-11-15,27.728001,28.290001,0.0
2018-11-16,29.000000,29.080000,34.43420922263631
2018-11-19,29.049999,29.049999,39.891357744547655
2018-11-20,27.370001,28.110001,27.778926479450703
2018-11-21,27.450001,27.669001,44.032669649292835
2018-11-23,28.065001,28.110001,54.55775445794369
2018-11-26,28.250000,28.250000,35.632161888370725
2018-11-27,27.485001,28.139999,26.466167177344
2018-11-28,28.441999,29.639000,70.59953205154812
2018-11-29,29.843000,30.712999,80.49962821791604
2018-11-30,30.360001,30.360001,80.00001568628274
2018-12-03,30.750000,31.589001,81.0173851202904
2018-12-04,31.840000,31.840000,100.0
2018-12-06,27.549999,28.240000,44.19875280989781
2018-12-07,28.280001,28.280001,38.86277375112992
2018-12-10,26.247000,26.559999,25.899451810810323
2018-12-11,26.896999,26.896999,28.09052834395712
2018-12-12,28.049999,28.400000,28.60207929017187
2018-12-13,27.816000,27.816000,52.770843172740996
2018-12-14,25.500000,25.500000,28.23362484084323
2018-12-17,23.200001,24.929001,27.100553329574627
2018-12-18,23.834999,23.834999,26.935810145110047
2018-12-19,22.860001,22.914000,9.829699532228663
2018-12-20,20.940001,21.049999,7.7952171588614965
2018-12-21,20.209999,20.507000,9.679851987737184
2018-12-24,18.750000,18.770000,11.101369458760198
2018-12-26,18.412001,20.502001,0.0
2018-12-27,19.850000,20.290001,24.430840032422722
2018-12-28,20.660000,21.500000,47.06866563414273
2018-12-31,21.590000,21.590000,63.86657789383715
2019-01-02,19.719999,21.580000,59.00481971868173
2019-01-03,21.900000,21.900000,74.12837934029064
2019-01-04,21.299999,23.129999,61.34583974373721
2019-01-07,23.740000,24.580000,69.20198543541875
2019-01-08,25.840000,25.840000,73.12294967445064
2019-01-09,24.570000,25.250000,78.230496543482
2019-01-10,24.070000,24.726999,65.70187678672164
2019-01-11,24.384001,25.110001,73.27899357518311
2019-01-14,24.629999,24.629999,60.045137707706054
2019-01-15,24.000000,25.209999,18.918897918174295
2019-01-16,25.250000,25.622000,61.56463371743789
2019-01-17,24.990000,25.230000,67.03704965707377
2019-01-18,25.098000,25.782000,64.31435162111255
2019-01-22,26.469999,26.469999,75.41437868197713
2019-01-23,24.653000,25.153999,56.79218089959677
2019-01-24,24.670000,24.670000,41.885837652959
2019-01-25,24.299000,24.299000,40.624146878777175
2019-01-28,24.000000,24.000000,35.83590600407951
2019-01-29,23.010000,23.591000,0.48654850788460396
2019-01-30,23.725000,24.311001,30.602006688963293
2019-01-31,24.320000,24.777000,44.10774410774409
2019-02-01,24.688000,24.812000,56.55544320862824
2019-02-04,24.700001,24.790001,63.05971527622566
2019-02-05,24.799999,25.340000,99.99999999999999
2019-02-06,24.725000,24.725000,93.47833648406358
2019-02-07,24.440001,24.440001,57.14294217717435
2019-02-08,23.190001,24.122000,6.504018299683492
2019-02-11,24.231001,24.410000,41.47581457770202
2019-02-12,24.330000,25.179001,41.45455431405923
2019-02-13,25.329000,25.389999,58.21992826343398
2019-02-14,25.764999,25.764999,67.32024435045456
2019-02-15,25.872000,26.690001,100.0
2019-02-19,26.820000,26.820000,100.0
2019-02-20,25.799999,25.799999,70.94015072930179
2019-02-21,24.712999,24.773001,41.43967719853329
2019-02-22,25.003000,25.535000,38.96294412258623
2019-02-25,25.611000,25.771999,46.6987115108973
2019-02-26,25.899000,25.950001,36.01579956525992
2019-02-27,26.660000,26.760000,64.17272110325607
2019-02-28,26.950001,28.040001,100.0
2019-03-01,28.580000,28.840000,100.0
2019-03-04,29.450001,29.450001,100.0
2019-03-05,26.639999,26.889999,55.82454528004466
2019-03-06,25.799999,25.799999,43.32297671289905
2019-03-07,24.500000,24.500000,33.557042475564764
2019-03-08,23.360001,23.858000,12.5000125718373
2019-03-11,23.900000,24.650000,8.144782525608198
2019-03-12,25.068001,25.218000,34.24219496479348
2019-03-13,24.820000,25.200001,38.8535120230919
2019-03-14,24.600000,24.622000,51.5078407720145
2019-03-15,24.836000,25.030001,80.59698151037256
2019-03-18,25.150000,25.360001,78.59100769349715
2019-03-19,25.809999,25.990000,72.1095947556616
2019-03-20,25.620001,25.719999,74.69143461376773
2019-03-21,24.700001,24.750999,52.155196752409566
2019-03-22,24.209999,24.209999,37.8399136907202
2019-03-25,22.700001,22.700001,17.50661870553218
2019-03-26,23.504999,23.527000,20.561911174366482
2019-03-27,22.952999,22.952999,18.82156596753145
2019-03-28,23.004999,23.122999,25.139293129535496
2019-03-29,23.500000,23.702000,39.60164581281122
2019-04-01,24.129999,24.129999,78.21624168606283
2019-04-02,23.737000,23.737000,55.4665671378732
2019-04-03,23.767000,23.891001,75.43754714846688
2019-04-04,23.896999,23.900000,76.57929270475877
2019-04-05,24.650999,24.650999,79.71091333646866
2019-04-08,24.340000,24.430000,56.489536136346295
2019-04-09,24.125000,24.125000,63.472240933668026
2019-04-10,23.851000,23.858999,52.49406471979182
2019-04-11,23.073999,23.073999,32.346632346632305
2019-04-12,22.980000,22.980000,0.0
2019-04-15,22.075001,22.320000,0.0
2019-04-16,22.410000,22.440001,14.04609144326326
2019-04-17,21.910000,21.910000,12.830304734051884
2019-04-18,19.600000,19.809999,8.0839585549893
2019-04-22,19.530001,19.559999,8.131049609987572
2019-04-23,19.500000,20.839001,10.323547095083844
2019-04-24,21.950001,21.950001,45.708965352804974
2019-04-25,19.900000,20.851000,35.45586528050208
2019-04-26,20.889999,21.240000,61.538450529794154
2019-04-29,21.330000,21.587000,65.10065515067693
2019-04-30,21.450001,21.450001,66.11570275254408
2019-05-01,21.219999,21.250000,40.46995773372562
2019-05-02,21.049999,21.285999,79.48710848137156
2019-05-03,21.690001,21.770000,74.99996875011715
2019-05-06,21.600000,22.740000,60.79994816024897
2019-05-07,22.030001,22.150000,68.58967209100479
2019-05-08,20.620001,21.389999,39.05114737058771
2019-05-09,20.600000,21.121000,41.312777388460646
2019-05-10,20.790001,20.790001,28.972001921491675
2019-05-13,19.959999,19.959999,21.527809847552255
2019-05-14,18.950001,19.150000,5.491355207309099
2019-05-15,18.510000,19.209000,7.630553055558535
2019-05-16,19.520000,20.190001,34.4827675386393
2019-05-17,19.410000,19.530001,29.7058736159195
2019-05-20,18.530001,18.628000,29.275379290074916
2019-05-21,18.420000,18.851999,39.60782760477349
2019-05-22,18.570000,18.809999,51.32743362831856
2019-05-23,18.370001,18.370001,10.344834720575584
2019-05-24,18.379999,18.450001,11.851730040881677
2019-05-28,18.368999,18.368999,33.263755774452406
2019-05-29,16.459000,16.708000,7.014391958600597
2019-05-30,16.756001,16.915001,12.644126001803281
2019-05-31,15.470000,15.902000,8.736456669452782
2019-06-03,16.171000,16.290001,23.733668553229826
2019-06-04,16.563000,17.149000,30.30965322510832
2019-06-05,17.299000,17.299999,62.30948868142515
2019-06-06,16.636999,16.712000,48.42465002666133
2019-06-07,16.622000,17.049999,72.98483639265763
2019-06-10,17.049999,17.049999,69.68202851859765
2019-06-11,16.840000,17.000000,56.75281009537798
2019-06-12,16.459000,17.049999,25.235819853561143
2019-06-13,17.590000,17.590000,72.00929146784038
2019-06-14,17.049999,17.049999,57.95537470460026
2019-06-17,16.691999,16.969999,43.167938931297705
2019-06-18,17.520000,17.540001,60.5003023469411
2019-06-19,17.490000,17.780001,67.85589341469105
2019-06-20,18.430000,18.530001,65.57862345799444
2019-06-21,18.080000,18.080000,70.55069012342766
2019-06-24,17.830000,17.830000,73.72811771137704
2019-06-25,17.530001,17.700001,50.26740656011043
2019-06-26,17.260000,17.260000,44.54976303317543
2019-06-27,17.180000,17.652000,0.0
2019-06-28,17.750000,18.051001,38.775510204081684
2019-07-01,18.430000,18.600000,65.78947368421058
2019-07-02,18.620001,18.620001,80.44689335542644
2019-07-03,18.870001,19.000000,95.48022854224365
2019-07-05,18.650000,18.860001,88.48163509776428
2019-07-08,18.219999,18.219999,63.276785406578476
2019-07-09,17.299999,17.950001,21.890564342441245
2019-07-10,18.010000,18.059999,37.94465856364604
2019-07-11,17.820000,17.860001,28.7449448441966
2019-07-12,16.730000,16.760000,21.257502241016667
2019-07-15,16.400000,16.639999,21.913604347652992
2019-07-16,16.510000,16.540001,33.74488323255843
2019-07-17,16.420000,16.420000,6.077348066298488
2019-07-18,16.030001,16.500000,5.472639538626764
2019-07-19,16.490000,16.490000,41.304335223674215
2019-07-22,15.830000,15.860000,33.33331384013323
2019-07-23,15.800000,15.970000,28.220832172800193
2019-07-24,15.990000,16.230000,37.57223996790744
2019-07-25,16.070000,16.070000,51.408416484800405
2019-07-26,15.760000,15.940000,21.259842519685044
2019-07-29,15.910000,16.190001,55.26315789473685
2019-07-30,15.860000,15.960000,53.84615384615376
2019-07-31,15.930000,16.075001,45.45454545454543
2019-08-01,15.740000,16.155001,28.571428571428605
2019-08-02,15.570000,15.700000,34.92063492063498
2019-08-05,14.770000,14.770000,5.468750000000018
2019-08-06,14.390000,14.390000,4.347826086956541
2019-08-07,13.310000,14.190000,0.0
2019-08-08,14.290000,15.020000,28.73900293255129
2019-08-09,14.390000,14.470000,32.33532934131737
2019-08-12,14.120000,14.120000,38.43416370106761
2019-08-13,13.805000,14.390000,39.344262295081954
2019-08-14,13.560000,13.560000,56.544502617801044
2019-08-15,12.860000,12.860000,6.134969325153452
2019-08-16,12.670000,13.100000,0.0
2019-08-19,13.346000,13.790000,31.796801505174056
2019-08-20,13.930000,14.060000,52.609603340292274
2019-08-21,13.590000,13.688000,50.6024096385542
2019-08-22,13.800000,13.830000,73.50000000000003
2019-08-23,13.330000,13.540000,64.47368421052632
2019-08-26,12.660000,12.661000,34.91644678979772
2019-08-27,13.003000,13.003000,27.201180521396974
2019-08-28,11.750000,12.250000,18.77121520706044
2019-08-29,12.334000,12.500000,27.921686746987938
2019-08-30,12.650000,12.650000,39.26089703095389
2019-09-03,12.190000,12.400000,42.05006765899864
2019-09-04,12.180000,12.180000,34.31185665268776
2019-09-05,12.160000,12.390000,64.74820143884891
2019-09-06,12.350000,12.824000,50.803212851405625
2019-09-09,12.760000,12.850000,55.045871559633
2019-09-10,12.410000,13.940000,61.224489795918416
2019-09-11,13.910000,14.670000,85.02024291497979
2019-09-12,14.740000,14.740000,89.32926829268294
2019-09-13,14.904000,14.904000,89.2440073755378
2019-09-16,14.700000,14.832000,81.8241469816273
2019-09-17,14.570000,14.773000,88.1895332390382
2019-09-18,14.330000,14.340000,63.392857142857146
2019-09-19,14.250000,14.469000,20.048899755501196
2019-09-20,14.400000,14.750000,18.656716417910484
2019-09-23,14.580000,14.580000,42.30769230769235
2019-09-24,14.360000,14.360000,37.931034482758584
2019-09-25,13.650000,13.840000,24.6268656716418
2019-09-26,13.750000,13.750000,31.617647058823522
2019-09-27,12.750000,13.141000,12.669683257918528
2019-09-30,12.661000,12.670000,4.719207173194887
2019-10-01,12.374000,12.374000,4.5745654162854406
2019-10-02,11.520000,11.520000,4.291845493562216
2019-10-03,11.270000,12.090000,0.0
2019-10-04,12.210000,12.564000,38.8429752066116
2019-10-07,12.400000,12.700000,44.8234827449425
2019-10-08,11.960000,11.960000,42.25878833208677
2019-10-09,11.830000,11.830000,57.94871794871796
2019-10-10,11.750000,11.830000,63.48314606741574
2019-10-11,11.900000,12.710000,34.343434343434325
2019-10-14,12.360000,12.370000,48.412698412698376
2019-10-15,12.686000,13.660000,81.67539267015701
2019-10-16,13.680000,14.114000,96.01990049751244
2019-10-17,13.980000,14.640000,100.0
2019-10-18,14.471000,14.550000,100.0
2019-10-21,14.180000,14.463000,87.8850957535387
2019-10-22,14.540000,14.550000,88.0541871921182
2019-10-23,14.080000,14.570000,60.51524710830706
2019-10-24,14.030000,14.216000,51.513317191283264
2019-10-25,13.990000,14.790000,29.97502081598666
2019-10-28,14.910000,15.350000,69.94535519125687
2019-10-29,15.510000,15.810000,73.42995169082128
2019-10-30,15.860000,15.870000,95.40816326530613
2019-10-31,15.510000,15.640000,82.74336283185845
2019-11-01,15.840000,16.620001,86.27450980392159
2019-11-04,16.809999,17.030001,86.53845636094478
2019-11-05,16.530001,16.530001,72.36847241465662
2019-11-06,16.080000,16.080000,54.62185262340553
2019-11-07,15.170000,15.242000,44.21768314128106
2019-11-08,15.050000,15.700000,35.53112493122708
2019-11-11,15.500000,15.500000,20.36200016380095
2019-11-12,15.290000,15.731000,21.028027556996456
2019-11-13,14.860000,15.171000,21.226415094339615
2019-11-14,14.900000,14.996000,39.20000000000002
2019-11-15,15.048000,15.655000,49.92175273865412
2019-11-18,15.610000,15.630000,53.95683453237408
2019-11-19,15.680000,16.120001,65.60000000000002
2019-11-20,16.049999,16.790001,100.0
2019-11-21,16.461000,16.860001,100.0
2019-11-22,16.799999,17.270000,100.0
2019-11-25,17.340000,17.955000,100.00000000000001
2019-11-26,17.950001,17.950001,100.0
2019-11-27,17.980000,18.289000,100.00000000000001
2019-11-29,18.055000,18.646999,100.0
2019-12-02,18.700001,18.700001,100.0
2019-12-03,17.620001,18.100000,55.73772305831018
2019-12-04,17.930000,18.806000,49.532686697517136
2019-12-05,18.690001,18.690001,62.369351090818405
2019-12-06,18.070000,18.469000,50.21961919788042
2019-12-09,18.600000,18.879999,48.484833792474625
2019-12-10,18.850000,19.250000,74.89875510171865
2019-12-11,19.350000,19.500000,76.691709254354
2019-12-12,18.950001,19.757999,55.65217391304351
2019-12-13,19.700001,20.400000,83.53912902844813
2019-12-16,20.500000,22.302000,85.1852112483046
2019-12-17,21.750000,22.098000,89.18921037254611
2019-12-18,22.219999,22.629999,89.10083577724993
2019-12-19,22.990000,24.330000,100.0
2019-12-20,24.100000,24.882999,100.0
2019-12-23,25.180000,26.900000,100.0
2019-12-24,26.600000,26.860001,100.0
2019-12-26,26.879999,26.997000,100.0
2019-12-27,26.590000,26.617001,93.06222156087154
2019-12-30,25.582001,25.582001,68.17069752626107
2019-12-31,24.250000,25.444000,39.26096501661203
2020-01-02,25.370001,25.680000,34.73946271450684
2020-01-03,24.049999,24.650000,22.090740792607157
2020-01-06,23.469999,24.097000,20.895529349517144
2020-01-07,23.889999,24.430000,32.27157814620436
2020-01-08,24.139999,24.139999,48.50947275652621
2020-01-09,23.966999,24.315001,24.42579334612223
2020-01-10,24.240000,25.368999,55.60144127273509
2020-01-13,25.719999,25.969999,93.3359013867489
2020-01-14,25.910000,27.927000,92.68808424003208
2020-01-15,27.780001,28.509001,95.65981151038062
2020-01-16,28.700001,29.320000,100.0
2020-01-17,29.160000,29.700001,100.0
2020-01-21,27.549999,28.488001,68.11880470542386
2020-01-22,28.500000,28.620001,72.28914895382135
2020-01-23,27.690001,27.760000,49.05263157894737
2020-01-24,27.820000,27.820000,38.888873456786236
2020-01-27,24.139999,25.270000,15.041780634849511
2020-01-28,25.680000,25.799999,36.84951661750822
2020-01-29,25.974001,26.260000,30.430751405213627
2020-01-30,25.500000,25.500000,32.1019947195188
2020-01-31,24.809999,24.809999,27.463321755524305
2020-02-03,24.799999,26.191000,60.97073009211422
2020-02-04,26.559999,27.190001,63.63070294544336
2020-02-05,27.450001,28.379999,69.29914299252823
2020-02-06,28.090000,28.469999,82.45612408214332
2020-02-07,27.158001,27.205000,77.74104442344041
2020-02-10,26.260000,27.570000,64.25781948089465
2020-02-11,27.629999,27.674999,61.31078224101481
2020-02-12,27.304001,27.680000,48.24771795268165
2020-02-13,26.926001,26.955000,35.092214466353326
2020-02-14,26.450001,26.530001,39.733172699056105
2020-02-18,26.240000,26.260000,49.63768089687016
2020-02-19,25.410000,26.100000,0.0
2020-02-20,26.100000,26.100000,26.702776043817362
2020-02-21,25.840000,26.160000,27.980523933283106
2020-02-24,24.120001,24.120001,18.59838274932616
2020-02-25,24.150000,24.400000,20.39658379409849
2020-02-26,22.200001,22.551001,15.483859451952355
2020-02-27,20.000000,20.840000,0.4869969113626352
2020-02-28,16.410000,17.879999,0.31611176314262773
2020-03-02,18.430000,19.660000,20.939726347265204
2020-03-03,19.660000,21.105000,29.572338489535944
2020-03-04,19.320000,20.750000,34.64818393942602
2020-03-05,19.709999,20.378000,48.08453739557958
2020-03-06,18.360001,18.360001,68.29270260377258
2020-03-09,14.080000,15.450000,21.3438659667631
2020-03-10,15.240000,15.240000,20.611694311620827
2020-03-11,14.000000,14.000000,18.408543564974714
2020-03-12,11.000000,11.772000,10.516773392273201
2020-03-13,10.860000,11.495000,11.812626088327281
2020-03-16,11.500000,11.500000,29.12621359223301
2020-03-17,9.090000,9.090000,8.613728129205928
2020-03-18,8.550000,8.550000,9.509658246656768
2020-03-19,7.268000,7.809000,12.769353551476465
2020-03-20,8.400000,8.410000,29.513657561625593
2020-03-23,7.050000,7.262000,16.860291927316062
2020-03-24,7.869000,8.200000,38.08315440171774
2020-03-25,8.450000,8.946000,49.031758326878375
2020-03-26,8.580000,9.770000,66.35094715852443
2020-03-27,8.800000,9.390000,56.45161290322581
2020-03-30,9.190000,10.059000,100.0
2020-03-31,10.000000,10.180000,100.0
2020-04-01,8.970000,9.200000,60.07751937984498
2020-04-02,8.630000,9.000000,50.896057347670265
2020-04-03,8.890000,9.208000,51.59010600706714
2020-04-06,9.570000,10.000000,56.089743589743605
2020-04-07,10.500000,10.600000,57.71604938271605
2020-04-08,9.806000,10.900000,64.39393939393936
2020-04-09,11.180000,11.720000,82.37684103605889
2020-04-13,11.750000,11.750000,83.6629001883239
2020-04-14,11.950000,12.350000,81.58174097664542
2020-04-15,11.980000,11.980000,75.80195258019525
2020-04-16,11.695000,11.700000,88.40992273281822
2020-04-17,12.440000,12.860000,84.42622950819671
2020-04-20,12.670000,13.540000,80.8724832214765
2020-04-21,12.500000,12.529000,68.83561643835618
2020-04-22,12.450000,12.450000,65.87837837837834
2020-04-23,12.590000,13.180000,83.5205992509363
2020-04-24,13.110000,13.500000,80.18018018018014
2020-04-27,14.000000,14.980000,87.57062146892652
2020-04-28,15.270000,15.480000,98.25783972125433
2020-04-29,15.300000,15.740000,99.99999999999999
2020-04-30,15.450000,15.450000,100.0
2020-05-01,14.010000,14.195000,61.90476190476191
2020-05-04,13.210000,13.720000,39.29539295392955
2020-05-05,14.500000,14.740000,39.62264150943396
2020-05-06,14.890000,15.190000,44.963144963144956
2020-05-07,15.300000,15.300000,48.26789838337184
2020-05-08,14.560000,14.960000,57.57575757575759
2020-05-11,14.720000,16.219999,75.25083612040133
2020-05-12,16.200001,17.350000,76.72956706617389
2020-05-13,16.139999,16.139999,71.92978393356074
2020-05-14,14.010000,14.820000,35.88622061872182
2020-05-15,14.340000,15.450000,47.3557705020334
2020-05-18,16.680000,16.799999,65.45740837305729
2020-05-19,16.150000,16.480000,49.536168917222824
2020-05-20,16.240000,16.620001,50.92251862039088
2020-05-21,16.200001,16.200001,82.882907772645
2020-05-22,15.960000,15.990000,75.00000000000003
2020-05-26,16.520000,16.680000,44.520547945205465
2020-05-27,16.100000,16.100000,48.148148148148245
2020-05-28,16.100000,16.646999,44.444444444444535
2020-05-29,15.880000,16.077000,38.888861882734794
2020-06-01,15.550000,15.850000,36.60130718954246
2020-06-02,15.530000,15.820000,0.0
2020-06-03,15.890000,16.090000,38.70967741935483
2020-06-04,15.835000,16.040001,36.54822335025382
2020-06-05,16.080000,16.600000,59.90099009900978
2020-06-08,15.910000,17.090000,71.17647058823532
2020-06-09,16.780001,17.139999,86.76471366781558
2020-06-10,16.780001,16.780001,83.20896775450176
2020-06-11,15.250000,15.250000,39.60924361687838
2020-06-12,14.190000,14.240000,23.966956492034978
2020-06-15,12.980000,13.850000,18.62956375607546
2020-06-16,14.290000,14.970000,25.63600281095835
2020-06-17,14.950000,15.000000,34.142108467572186
2020-06-18,14.270000,14.705000,40.04065040650406
2020-06-19,15.000000,15.435000,58.82352941176472
2020-06-22,15.220000,15.900000,81.11111111111111
2020-06-23,16.070000,16.436001,78.343949044586
2020-06-24,15.690000,15.743000,62.93706293706293
2020-06-25,14.580000,15.450000,54.7112462006079
2020-06-26,15.420000,15.420000,56.17647058823529
2020-06-29,14.950000,15.240000,46.301369863013676
2020-06-30,14.590000,15.500000,26.582278481012654
2020-07-01,15.540000,15.900000,47.98927613941018
2020-07-02,15.900000,16.280001,72.14765100671141
2020-07-06,15.780000,16.299999,57.96460176991149
2020-07-07,16.030001,16.410000,76.47059976931382
2020-07-08,15.936000,16.160000,87.93682307009801
2020-07-09,16.120001,16.299999,78.76980524859549
2020-07-10,15.520000,15.765000,34.77568982150691
2020-07-13,15.870000,16.850000,53.04464669919703
2020-07-14,15.110000,15.730000,26.8611767688479
2020-07-15,16.250000,17.290001,55.17468347087445
2020-07-16,16.910000,16.910000,61.2535438024092
2020-07-17,16.500000,17.280001,64.75903614457832
2020-07-20,17.370001,17.370001,69.53125793456825
2020-07-21,17.160000,17.340000,81.15499625836097
2020-07-22,16.750000,16.990000,59.76561737061144
2020-07-23,16.639999,16.794001,43.28356723845683
2020-07-24,15.770000,15.770000,35.22268403021533
2020-07-27,15.310000,15.710000,0.0
2020-07-28,15.750000,15.950000,19.213973799126624
2020-07-29,15.350000,15.620000,19.29824561403507
2020-07-30,15.040000,15.770000,17.74194263788008
2020-07-31,15.530000,15.530000,44.28571428571428
2020-08-03,14.990000,16.000000,42.66055045871559
2020-08-04,15.820000,15.900000,51.36186770428016
2020-08-05,16.430000,17.100000,69.42446043165468
2020-08-06,17.000000,17.325001,82.23684210526318
2020-08-07,16.610001,17.260000,68.36737019298309
2020-08-10,17.150000,17.190001,86.73471886715569
2020-08-11,17.000000,17.020000,76.10621779311313
2020-08-12,16.070000,16.249001,43.02325040562047
2020-08-13,16.030001,16.170000,26.34145318261435
2020-08-14,15.810000,16.209999,28.723366342216096
2020-08-17,15.910000,16.850000,6.94444444444443
2020-08-18,16.795000,16.840000,45.28735632183912
2020-08-19,16.500000,16.850000,63.96103896103892
2020-08-20,16.080000,16.450001,51.302056613512164
2020-08-21,16.000000,16.030001,55.33707865168537
2020-08-24,16.040001,16.040001,53.77909664006009
2020-08-25,15.640000,15.960000,3.238942123170661
2020-08-26,16.090000,16.090000,35.25181978155425
2020-08-27,15.615000,15.772000,33.91005687189364
2020-08-28,15.550000,15.920000,34.26575627166955
2020-08-31,15.910000,16.590000,46.2856878367498
2020-09-01,16.469999,16.500000,71.72773388886594
2020-09-02,15.815000,16.790001,43.49881181920739
2020-09-03,16.650000,16.709999,70.9091078053396
2020-09-04,15.580000,15.580000,50.431034730479716
2020-09-08,14.870000,15.330000,36.422969411472266
2020-09-09,15.450000,16.280001,36.75325629954707
2020-09-10,16.129999,16.299999,54.064504274710806
2020-09-11,15.320000,15.485000,32.727263754422765
2020-09-14,15.630000,17.090000,50.80906201233788
2020-09-15,17.190001,17.469999,79.44164452833614
2020-09-16,17.290001,17.924999,76.58961751145014
2020-09-17,16.879999,17.230000,61.755478523210954
2020-09-18,17.190001,17.680000,84.75831829308869
2020-09-21,16.790001,16.834000,70.86328981422699
2020-09-22,16.309999,16.309999,24.117679584660284
2020-09-23,16.230000,16.230000,18.452445082008584
2020-09-24,15.000000,15.170000,12.400065119921765
2020-09-25,14.485000,14.800000,0.0
2020-09-28,15.210000,15.210000,23.927384842447278
2020-09-29,14.920000,14.955000,25.528178002879592
2020-09-30,14.920000,15.796000,26.268115942029006
2020-10-01,15.660000,15.800000,64.5374449339207
2020-10-02,14.770000,15.570000,55.3875236294896
2020-10-05,16.540001,17.540001,68.02168888301112
2020-10-06,17.530001,18.101000,79.72665609871157
2020-10-07,17.549999,18.450001,79.81858952802483
2020-10-08,18.680000,19.590000,81.45833333333331
2020-10-09,19.950001,20.120001,100.0
2020-10-12,19.950001,19.950001,100.0
2020-10-13,19.170000,19.389999,75.62497636719493
2020-10-14,19.420000,19.420000,77.2594659538199
2020-10-15,18.090000,18.620001,41.87328271444479
2020-10-16,18.891001,19.372000,33.24898244290891
2020-10-19,19.120001,19.120001,37.75811931674374
2020-10-20,18.280001,18.280001,37.10146750682097
2020-10-21,17.940001,18.010000,29.096065227100176
2020-10-22,17.320000,18.160000,36.395769331611774
2020-10-23,18.280001,18.450001,39.77919720361509
2020-10-26,17.980000,18.032000,31.37255094194352
2020-10-27,17.389999,17.440001,34.16368802321989
2020-10-28,16.290001,16.309999,26.890769248868757
2020-10-29,15.990000,16.320000,29.538474130169746
2020-10-30,16.100000,16.100000,4.583331423611958
2020-11-02,16.350000,16.370001,15.319148936170254
2020-11-03,17.080000,17.200001,43.77511798197506
2020-11-04,17.500000,19.740000,83.42536827327719
2020-11-05,19.600000,19.844999,100.0
2020-11-06,18.639999,18.760000,78.47531872750697
2020-11-09,20.600000,20.909000,84.44083162371744
2020-11-10,19.910000,20.639999,73.0831898586656
2020-11-11,20.900000,20.900000,75.3731267542905
2020-11-12,20.000000,20.150999,53.636362314050054
2020-11-13,20.129999,20.900000,65.95289079229123
2020-11-16,21.690001,21.690001,62.763474762652265
2020-11-17,20.940001,21.170000,61.89377323469441
2020-11-18,21.370001,21.530001,56.233433359832006
2020-11-19,20.160000,20.790001,51.960783352557186
2020-11-20,20.292000,20.740000,51.98433220161768
2020-11-23,20.450001,20.559999,26.865688906202323
2020-11-24,20.120001,20.500000,31.858423134138814
2020-11-25,19.950001,19.950001,14.50003549996452
2020-11-27,20.080000,20.700001,45.65217391304337
2020-11-30,20.780001,20.780001,66.39787204444076
2020-12-01,19.910000,20.413000,37.72725557852017
2020-12-02,19.860001,20.084999,43.2291666666667
2020-12-03,20.160000,20.690001,55.12192932777041
2020-12-04,20.650999,21.320000,61.84154369205465
2020-12-07,21.500000,21.500000,64.06248596190862
2020-12-08,20.540001,21.434999,61.88682477753749
2020-12-09,21.600000,21.850000,73.77049762609096
2020-12-10,20.280001,21.340000,51.28206278764707
2020-12-11,20.940001,21.247000,52.98001772737378
2020-12-14,22.270000,23.000000,57.2232699611782
2020-12-15,22.209999,24.100000,68.84874440123899
2020-12-16,24.309999,24.420000,74.77147619222598
2020-12-17,23.049999,23.330000,75.60072088724584
2020-12-18,23.260000,23.410000,73.38708197841089
2020-12-21,22.480000,22.770000,52.380951301155875
2020-12-22,22.820000,23.980000,56.50320756861245
2020-12-23,24.120001,24.260000,47.5578675795025
2020-12-24,24.400000,24.840000,73.19588549969568
2020-12-28,25.389999,25.400000,78.86178288937202
2020-12-29,24.650000,24.860001,79.72604368550337
2020-12-30,24.459999,25.100000,73.42856383673252
2020-12-31,24.480000,25.420000,58.108089237878076
2021-01-04,25.469999,25.469999,68.25937483255117
2021-01-05,24.440001,25.000000,34.006756906907015
2021-01-06,24.709999,26.059999,51.19998143997775
2021-01-07,25.770000,27.530001,69.43623391949605
2021-01-08,27.740000,28.049999,80.63912078129378
2021-01-11,27.590000,28.705000,73.66074129067495
2021-01-12,28.100000,29.260000,96.21212025558596
2021-01-13,28.290001,28.389999,96.13402261132859
2021-01-14,27.500000,28.620001,73.96120556165899
2021-01-15,28.000000,28.510000,56.0747606777938
2021-01-19,28.250000,28.950001,64.73212970345563
2021-01-20,28.809999,28.850000,65.50215480255248
2021-01-21,28.000000,28.000000,45.01716323613858
2021-01-22,26.719999,27.690001,38.52939368511582
2021-01-25,27.280001,28.480000,39.59539318052218
2021-01-26,28.670000,29.110001,54.565217391304365
2021-01-27,27.049999,27.243000,34.45230231367409
2021-01-28,25.799999,27.010000,31.96721378661617
2021-01-29,25.799999,27.040001,40.456435495254965
2021-02-01,25.520000,26.700001,30.616724805446026
2021-02-02,27.389999,27.850000,37.25098351613216
2021-02-03,27.530001,27.854000,56.77968926553671
2021-02-04,27.740000,28.010000,88.8000355200142
2021-02-05,28.590000,28.709999,91.64181840054279
2021-02-08,28.770000,29.799999,100.0
2021-02-09,29.870001,30.679001,100.0
2021-02-10,31.000000,31.273001,100.0
2021-02-11,31.000000,31.215000,100.0
2021-02-12,30.340000,31.454000,78.5016286644951
2021-02-16,31.860001,31.860001,85.03401699908912
2021-02-17,30.520000,31.250000,56.98923505607849
2021-02-18,30.450001,30.889999,42.3398489304042
2021-02-19,30.420000,30.850000,41.98895470223499
2021-02-22,29.930000,29.930000,44.05797445914524
2021-02-23,28.020000,28.020000,0.0
2021-02-24,27.719999,30.129999,0.0
2021-02-25,30.049999,30.049999,46.047412629481165
2021-02-26,27.747999,27.770000,31.778500848540514
2021-03-01,27.940001,28.075001,35.854434523272154
2021-03-02,27.690001,27.690001,46.92967235038759
2021-03-03,26.730000,26.730000,41.79649894108437
2021-03-04,25.000000,25.000000,3.533343651080038
2021-03-05,23.400000,24.420000,4.057520673592107
2021-03-08,24.910000,25.510000,24.958673560549844
2021-03-09,25.490000,26.719000,32.758615555075934
2021-03-10,26.469999,26.799999,47.96874187011592
2021-03-11,26.587999,27.735001,66.58311749856254
2021-03-12,27.730000,28.278999,100.0
2021-03-15,28.190001,28.190001,100.0
2021-03-16,27.860001,27.860001,89.10891448550682
2021-03-17,26.389999,27.959999,48.86363765495718
2021-03-18,27.190001,27.760000,57.16326916239529
2021-03-19,25.709999,26.709999,27.753327252579098
2021-03-22,26.163000,26.163000,27.6417618591809
2021-03-23,25.500000,25.500000,25.75012736315422
2021-03-24,23.430000,23.430000,22.92356117493489
2021-03-25,20.559999,21.879999,6.011156575819235
2021-03-26,21.940001,22.500000,24.650376734600986
2021-03-29,21.270000,21.535000,18.032160965811574
2021-03-30,20.920000,21.400000,18.801106920377684
2021-03-31,21.549999,22.379000,34.067796236713754
2021-04-01,22.480000,22.679001,74.24241850321833
2021-04-05,22.520000,22.520000,61.06867898142027
2021-04-06,22.000000,22.190001,64.7773279352227
2021-04-07,21.420000,21.420000,59.25925925925927
2021-04-08,21.000000,21.000000,38.955847808896465
2021-04-09,20.459999,20.600000,1.9047609977328186
2021-04-12,20.610001,20.610001,6.78741160079876
2021-04-13,19.410000,19.540001,5.190373438929516
2021-04-14,19.440001,20.621000,7.692419460642141
2021-04-15,20.590000,21.110001,43.3224842703788
2021-04-16,20.459999,20.459999,50.0
2021-04-19,19.860001,20.297001,37.942122186495176
2021-04-20,19.340000,19.775999,48.559670781893
2021-04-21,19.370001,20.650000,48.559670781893
2021-04-22,20.860001,21.450001,54.87366250048286
2021-04-23,20.870001,20.920000,57.73588679245281
2021-04-26,20.830000,21.809999,73.20568439375441
2021-04-27,22.030001,22.150000,98.55592214160056
2021-04-28,21.129999,21.730000,74.17577013651639
2021-04-29,21.650000,21.650000,64.79396105999803
2021-04-30,20.899000,21.360001,50.42507999841692
2021-05-03,20.799999,20.799999,49.56770955661449
2021-05-04,20.420000,20.420000,19.622657030954258
2021-05-05,19.490000,19.770000,19.403015148128585
2021-05-06,19.299999,19.299999,0.0
2021-05-07,19.280001,20.400000,0.0
2021-05-10,20.150000,20.150000,36.40167749164537
2021-05-11,18.559999,19.620001,24.166645601845996
2021-05-12,19.280001,19.969999,46.90267053018569
2021-05-13,19.490000,20.000000,52.78593923341325
2021-05-14,20.000000,20.709999,59.23075404339643
2021-05-17,20.549999,21.000000,55.586576651794246
2021-05-18,20.930000,21.360001,100.0
2021-05-19,20.250000,20.770000,70.8154381182138
2021-05-20,20.790001,21.889999,74.43609983605272
2021-05-21,22.110001,22.480000,80.40346386067326
2021-05-24,21.980000,22.160000,73.4426162859512
2021-05-25,21.900000,21.900000,67.63635080992664
2021-05-26,21.430000,21.700001,73.2283281666707
2021-05-27,21.750000,22.150000,70.68962470274796
2021-05-28,22.320000,22.750000,56.6878619822535
2021-06-01,22.400000,22.400000,63.815789473684156
2021-06-02,21.950001,22.190001,51.32277847766062
2021-06-03,21.570000,22.280001,53.888888888888914
2021-06-04,22.340000,22.500000,63.111111111111136
2021-06-07,22.309999,23.879999,49.707573270425016
2021-06-08,23.600000,23.600000,70.5479311315541
2021-06-09,23.350000,24.200001,75.73524735083016
2021-06-10,24.260000,25.579000,91.38458991717548
2021-06-11,25.799999,25.799999,93.03480272766105
2021-06-14,25.600000,25.790001,89.26016450123261
2021-06-15,24.959999,25.190001,69.2090308500087
2021-06-16,24.559999,25.129999,66.39565484977098
2021-06-17,24.860001,24.860001,59.74027281159974
2021-06-18,24.230000,24.230000,13.824957845680377
2021-06-21,24.000000,24.870001,13.63642975194587
2021-06-22,24.820000,24.879999,47.05884824514928
2021-06-23,23.969999,24.226999,39.5759864650368
2021-06-24,24.150000,24.870001,36.900365054946384
2021-06-25,24.780001,25.049999,60.14760869268408
2021-06-28,25.230000,25.230000,70.98974676467799
2021-06-29,24.750000,24.820000,48.648649692162394
2021-06-30,24.040001,24.059999,51.428612244897934
2021-07-01,23.940001,24.870001,45.56963948086055
2021-07-02,25.120001,25.120001,55.821921795836836
2021-07-06,24.000000,24.129999,32.869080779944284
2021-07-07,23.980000,24.200001,37.69968051118211
2021-07-08,22.900000,24.000000,33.71427608163539
2021-07-09,24.219999,24.870001,52.966080508474604
2021-07-12,24.030001,24.410000,35.388732111920724
2021-07-13,23.830000,23.959999,46.97508681500839
2021-07-14,23.889999,23.889999,48.421033425649206
2021-07-15,22.049999,22.049999,38.22712318043481
2021-07-16,21.100000,21.209999,1.8518227023050082
2021-07-19,19.790001,20.350000,1.376124484460801
2021-07-20,20.490000,22.070000,15.637831800684603
2021-07-21,22.270000,23.709999,37.68997159117246
2021-07-22,24.020000,24.323000,65.17721040549017
2021-07-23,24.139999,24.289000,76.85512907515674
2021-07-26,24.270000,24.500000,100.0
2021-07-27,23.320000,23.650000,79.91543340380551
2021-07-28,23.850000,25.830000,72.70114942528738
2021-07-29,25.850000,26.000000,74.53083109919574
2021-07-30,22.959999,22.969999,40.923079715975476
2021-08-02,22.150000,22.700001,35.23676880222841
2021-08-03,22.580000,22.860001,44.444444444444436
2021-08-04,22.680000,23.000000,40.60995184590689
2021-08-05,22.049999,23.049999,10.905347550340025
2021-08-06,23.100000,23.100000,52.317896583477975
2021-08-09,21.590000,21.719999,42.47312232627834
2021-08-10,21.340000,21.340000,32.485885601194624
2021-08-11,20.730000,20.760000,25.925937814351723
2021-08-12,19.799999,20.950001,24.137942925083735
2021-08-13,20.940001,21.080000,25.67570337227247
2021-08-16,20.709999,20.750000,36.07595557601965
2021-08-17,20.139999,20.410000,32.75863109392083
2021-08-18,20.330000,20.770000,43.46406510314028
2021-08-19,19.370001,19.680000,43.042112566844544
2021-08-20,18.879999,19.590000,7.786913464076254
2021-08-23,19.930000,21.167999,38.036836162420684
2021-08-24,21.389999,21.389999,65.0602337059115
2021-08-25,19.510000,20.219999,42.97945205479454
2021-08-26,20.049999,20.330000,56.27304428044283
2021-08-27,18.700001,19.264999,48.566893991652215
2021-08-30,18.950001,19.090000,41.05839512627292
2021-08-31,18.740000,19.160000,18.676112536249992
2021-09-01,18.950001,19.149000,39.062515258795
2021-09-02,19.160000,19.969999,30.04485652235722
2021-09-03,19.910000,19.910000,87.11651097146557
2021-09-07,19.469999,19.469999,64.28564364214985
2021-09-08,19.000000,19.049999,56.250000000000036
2021-09-09,18.980000,19.129999,50.79362475853162
2021-09-10,19.000000,19.000000,45.29411764705882
2021-09-13,18.889999,18.889999,1.886790672838948
2021-09-14,18.480000,18.480000,1.941749458009141
2021-09-15,17.650000,17.799999,1.4388489208632782
2021-09-16,17.570000,17.570000,1.3793103448275574
2021-09-17,17.299999,17.629999,0.0
2021-09-20,16.750000,17.135000,0.0
2021-09-21,17.059999,17.639999,15.196036860802431
2021-09-22,17.820000,17.900000,54.314720812182784
2021-09-23,17.740000,18.969999,54.31472081218269
2021-09-24,18.450001,19.049999,73.85896265560163
2021-09-27,18.530001,19.420000,95.87629078541703
2021-09-28,18.700001,18.700001,95.55556049382157
2021-09-29,18.209999,18.430000,62.74504036920184
2021-09-30,18.500000,18.660000,71.83903025510287
2021-10-01,17.969999,18.430000,34.615359960615514
2021-10-04,18.139999,18.280001,38.18178622597281
2021-10-05,17.260000,17.680000,19.49154301922494
2021-10-06,16.790001,16.840000,19.658162393162353
2021-10-07,17.180000,17.815001,22.950797500653636
2021-10-08,17.500000,17.500000,39.461891652769
2021-10-11,17.410000,17.740000,33.02325538128658
2021-10-12,17.530001,17.740000,59.712273174297145
2021-10-13,17.780001,18.100000,92.3076923076923
2021-10-14,18.150000,18.700001,92.17391304347827
2021-10-15,18.480000,18.740000,92.24137931034484
2021-10-18,17.930000,18.000000,66.04938271604937
2021-10-19,17.700001,18.180000,54.913300477804064
2021-10-20,18.200001,18.719999,60.60607131926399
2021-10-21,18.389999,18.600000,56.66664999997224
2021-10-22,18.420000,18.420000,47.99999733332982
2021-10-25,18.040001,18.520000,54.135385267786326
2021-10-26,18.430000,18.430000,74.49666006038932
2021-10-27,18.129999,18.129999,47.286739979441876
2021-10-28,17.430000,18.090000,23.33334629630355
2021-10-29,17.980000,18.278000,40.51723320451136
2021-11-01,18.090000,19.200001,51.21948839975043
2021-11-02,19.110001,20.639999,62.68658108709663
2021-11-03,19.570000,20.629999,75.35213920849968
2021-11-04,20.240000,22.790001,100.0
2021-11-05,22.020000,23.010000,100.0
2021-11-08,23.000000,23.694000,100.0
2021-11-09,23.379999,23.379999,100.0
2021-11-10,22.030001,22.299999,73.83723285110433
2021-11-11,21.370001,21.917999,60.97088988595526
2021-11-12,21.650000,21.650000,44.931501294795936
2021-11-15,21.240000,21.240000,21.428534322771867
2021-11-16,20.030001,20.211000,7.161107070186258
2021-11-17,19.590000,19.590000,9.333303111101044
2021-11-18,19.290001,19.290001,10.606030762144528
2021-11-19,18.320000,18.860001,0.0
2021-11-22,18.530001,18.620001,6.709294981055871
2021-11-23,18.219999,18.219999,9.417068310191322
2021-11-24,18.000000,18.090000,10.447800549452124
2021-11-26,17.650000,17.860001,10.194208455036158
2021-11-29,17.680000,17.680000,21.428622448888447
2021-11-30,16.049999,16.200001,1.1811014322036408
2021-12-01,16.090000,16.570000,3.083743134914971
2021-12-02,15.270000,15.460000,2.4390575337578593
2021-12-03,15.680000,15.690000,16.382275506979216
2021-12-06,14.160000,14.220000,10.181013492754083
2021-12-07,14.500000,15.140000,25.239640498517417
2021-12-08,15.160000,15.469000,37.6
2021-12-09,14.850000,14.970000,43.51851851851852
2021-12-10,14.160000,14.190000,28.409090909090914
2021-12-13,13.500000,13.880000,37.59398496240601
2021-12-14,13.370000,13.920000,26.938775510204074
2021-12-15,13.740000,14.650000,17.12962962962966
2021-12-16,14.800000,15.119000,49.140893470790395
2021-12-17,14.400000,15.150000,54.58015267175572
2021-12-20,14.560000,14.870000,74.99999999999999
2021-12-21,15.250000,15.580000,85.07462686567163
2021-12-22,15.500000,16.070000,84.37499999999999
2021-12-23,15.990000,16.709999,79.89949748743717
2021-12-27,16.500000,16.709999,100.0
2021-12-28,16.540001,16.809999,100.0
2021-12-29,16.100000,16.100000,74.56644558792424
2021-12-30,15.830000,16.670000,59.42856065307354
2021-12-31,16.120001,16.530001,54.19357252856925
2022-01-03,16.010000,16.469999,28.69572627573468
2022-01-04,16.420000,16.420000,46.05260647511884
2022-01-05,15.610000,16.000000,37.03705075444359
2022-01-06,14.760000,14.805000,28.340098510041667
2022-01-07,14.670000,14.919000,18.061666052129507
2022-01-10,14.710000,15.420000,20.454545454545478
2022-01-11,15.300000,15.650000,26.470588235294123
2022-01-12,15.690000,15.690000,52.04081632653062
2022-01-13,14.700000,14.700000,48.57142857142856
2022-01-14,13.560000,13.850000,32.38095238095238
2022-01-18,13.620000,13.620000,32.80757097791794
2022-01-19,13.230000,13.530000,15.151515151515092
2022-01-20,13.010000,13.535000,2.1428571428570993
2022-01-21,12.450000,12.520000,2.531645569620202
2022-01-24,11.410000,12.140000,2.6431718061673473
2022-01-25,11.730000,12.459000,12.648221343873532
2022-01-26,12.320000,12.704000,33.333333333333336
2022-01-27,11.990000,12.492000,32.04225352112677
2022-01-28,11.400000,12.250000,31.707317073170746
2022-01-31,12.210000,13.210000,65.15151515151516
2022-02-01,13.210000,13.840000,72.28915662650603
2022-02-02,13.760000,13.760000,71.95121951219512
2022-02-03,13.180000,13.180000,66.8555240793201
2022-02-04,12.520000,13.200000,65.55555555555554
2022-02-07,13.225000,13.520000,64.52074391988553
2022-02-08,13.025000,13.220000,46.56771799628942
2022-02-09,13.440000,14.110000,43.749999999999986
2022-02-10,13.530000,14.720000,58.45410628019324
2022-02-11,13.790000,14.280000,88.02395209580841
2022-02-14,13.320000,13.510000,53.31010452961676
2022-02-15,13.850000,13.960000,73.37110481586404
2022-02-16,13.800000,14.100000,62.85714285714293
2022-02-17,13.710000,13.710000,56.428571428571495
2022-02-18,13.040000,13.199000,29.28176795580109
2022-02-22,12.640000,12.760000,30.45977011494252
2022-02-23,12.320000,12.520000,0.0
2022-02-24,10.800000,12.200000,0.0
2022-02-25,12.320000,13.230000,34.311512415349874
2022-02-28,12.640000,12.900000,45.09803921568629
2022-03-01,12.670000,13.000000,50.404312668463604
2022-03-02,12.750000,13.590000,56.195965417867434
2022-03-03,13.430000,13.430000,100.0
2022-03-04,12.630000,12.950000,58.11518324607332
2022-03-07,12.480000,12.583000,45.4022988505747
2022-03-08,12.100000,12.802000,36.36363636363635
2022-03-09,12.530000,13.250000,45.49180327868851
2022-03-10,12.690000,13.200000,30.72916666666666
2022-03-11,13.260000,13.580000,68.63905325443783
2022-03-14,12.850000,12.850000,59.48717948717946
2022-03-15,11.700000,12.070000,42.647058823529406
2022-03-16,12.440000,13.070000,48.51485148514852
2022-03-17,12.930000,14.190000,53.57142857142857
2022-03-18,13.990000,14.650000,59.48051948051948
2022-03-21,14.480000,14.720000,70.7379134860051
2022-03-22,14.210000,14.660000,91.14754098360658
2022-03-23,14.370000,15.000000,89.0688259109312
2022-03-24,14.360000,14.690000,85.92964824120605
2022-03-25,14.700000,14.815000,77.95275590551182
2022-03-28,14.610000,14.830000,57.471264367816055
2022-03-29,14.560000,15.470000,76.92307692307703
2022-03-30,15.120000,15.650000,85.71428571428581
2022-03-31,14.860000,14.860000,69.23076923076927
2022-04-01,14.460000,15.120000,41.176470588235325
2022-04-04,15.110000,15.300000,63.02083333333337
2022-04-05,15.140000,15.620000,65.26315789473686
2022-04-06,14.410000,15.260000,32.85024154589373
2022-04-07,15.270000,15.670000,57.67790262172286
2022-04-08,15.510000,15.600000,70.91633466135457
2022-04-11,15.080000,15.080000,49.34497816593888
2022-04-12,14.290000,14.530000,36.06557377049179
2022-04-13,13.840000,14.530000,39.71119133574007
2022-04-14,14.410000,14.560000,32.66129032258066
2022-04-18,14.060000,14.060000,22.00772200772202
2022-04-19,12.750000,13.361000,16.42651296829972
2022-04-20,13.280000,13.350000,34.26791277258567
2022-04-21,13.300000,13.300000,40.28776978417268
2022-04-22,12.140000,12.140000,16.320474777448087
2022-04-25,11.240000,11.700000,14.030612244897972
2022-04-26,11.590000,11.650000,30.405405405405407
2022-04-27,10.950000,11.320000,12.052117263843673
2022-04-28,11.310000,11.440000,20.82111436950148
2022-04-29,11.040000,11.590000,28.174603174603174
2022-05-02,10.730000,11.110000,36.787564766839395
2022-05-03,11.110000,11.280000,37.755102040816325
2022-05-04,11.100000,11.450000,55.63909774436092
2022-05-05,11.190000,11.190000,44.33962264150938
2022-05-06,10.020000,10.020000,23.97959183673467
2022-05-09,9.150000,9.150000,18.650793650793624
2022-05-10,8.730000,9.081000,3.515624999999996
2022-05-11,8.880000,9.270000,8.8888888888889
2022-05-12,8.250000,8.980000,4.62962962962964
2022-05-13,9.290000,9.801000,38.2636655948553
2022-05-16,9.730000,10.410000,60.82089552238806
2022-05-17,10.560000,11.040000,79.61165048543688
2022-05-18,10.680000,10.795000,79.41176470588233
2022-05-19,9.750000,10.350000,72.32142857142857
2022-05-20,10.400000,10.750000,68.6868686868687
2022-05-23,10.860000,10.860000,68.89632107023411
2022-05-24,10.360000,10.360000,46.24060150375937
2022-05-25,10.070000,10.420000,39.2226148409894
2022-05-26,10.540000,10.840000,66.66666666666667
2022-05-27,10.690000,11.290000,57.754010695187155
2022-05-31,11.190000,11.400000,58.63874345549739
2022-06-01,11.130000,11.130000,76.19047619047629
2022-06-02,10.500000,10.900000,61.87845303867403
2022-06-03,11.040000,11.200000,63.297872340425535
2022-06-06,11.345000,11.410000,66.09336609336611
2022-06-07,10.660000,11.590000,38.063063063063076
2022-06-08,11.470000,11.750000,55.723905723905716
2022-06-09,11.190000,11.190000,63.167938931297684
2022-06-10,10.000000,10.030000,34.09785932721715
2022-06-13,9.070000,9.070000,20.795892169448017
2022-06-14,8.530000,8.530000,21.600000000000005
2022-06-15,8.640000,9.100000,3.606557377049217
2022-06-16,8.430000,8.430000,3.691275167785273
2022-06-17,8.500000,9.080000,9.677419354838774
2022-06-21,9.050000,9.490000,49.324324324324344
2022-06-22,8.940000,9.950000,69.52380952380946
2022-06-23,9.827000,10.660000,82.48494800218931
2022-06-24,10.960000,11.100000,95.99999999999996
2022-06-27,11.450000,12.150000,96.52996845425864
2022-06-28,12.050000,12.050000,96.58385093167698
2022-06-29,11.050000,11.130000,75.669099756691
2022-06-30,10.720000,11.150000,62.5668449197861
2022-07-01,10.730000,11.270000,45.26748971193415
2022-07-05,10.950000,11.850000,38.425925925925924
2022-07-06,11.870000,12.400000,46.37096774193545
2022-07-07,12.260000,12.650000,82.35294117647058
2022-07-08,12.200000,12.695000,96.24999999999997
2022-07-11,12.150000,12.270000,93.2926829268293
2022-07-12,11.520000,11.617000,63.90243902439025
2022-07-13,10.950000,11.501000,22.941176470588253
2022-07-14,10.950000,11.260000,0.0
2022-07-15,11.510000,11.600000,30.939226519337037
2022-07-18,11.900000,11.950000,44.186046511627914
2022-07-19,11.210000,11.840000,42.98642533936655
2022-07-20,11.800000,12.310000,69.05829596412559
2022-07-21,11.840000,11.980000,69.6035242290749
2022-07-22,12.080000,12.140000,64.61538461538463
2022-07-25,11.240000,11.240000,36.249999999999986
2022-07-26,11.030000,11.490000,45.31249999999996
2022-07-27,11.220000,11.700000,30.921052631578963
2022-07-28,11.590000,11.658000,43.24324324324325
2022-07-29,11.255000,11.270000,28.79177377892033
2022-08-01,10.990000,11.270000,40.87591240875913
2022-08-02,10.620000,11.330000,36.60130718954249
2022-08-03,11.300000,11.630000,51.98019801980198
2022-08-04,11.610000,11.660000,50.510204081632644
2022-08-05,11.370000,12.330000,53.083109919571
2022-08-08,12.140000,12.470000,74.26160337552741
2022-08-09,12.108000,12.330000,86.61417322834646
2022-08-10,12.030000,12.470000,75.52447552447545
2022-08-11,12.340000,12.770000,75.52447552447548
2022-08-12,12.000000,12.450000,70.58823529411764
2022-08-15,12.170000,12.310000,51.61290322580641
2022-08-16,12.200000,12.200000,54.956896551724064
2022-08-17,11.600000,11.800000,35.17241379310345
2022-08-18,11.570000,11.570000,17.09401709401706
2022-08-19,11.570000,12.300000,24.09638554216864
2022-08-22,11.850000,12.190000,32.97872340425526
2022-08-23,11.520000,11.920000,22.5806451612903
2022-08-24,11.850000,12.460000,62.88659793814435
2022-08-25,12.280000,12.410000,75.91240875912406
2022-08-26,12.500000,12.560000,79.24528301886791
2022-08-29,10.860000,11.049000,33.22033898305085
2022-08-30,10.720000,10.800000,35.507246376811615
2022-08-31,10.120000,10.320000,21.452145214521455
2022-09-01,9.820000,10.440000,7.5862068965517455
2022-09-02,10.510000,10.680000,20.474777448071205
2022-09-06,10.170000,10.281000,33.33333333333333
2022-09-07,9.950000,10.610000,32.093023255813925
2022-09-08,10.680000,11.130000,62.28070175438598
2022-09-09,11.290000,11.840000,78.37837837837836
2022-09-12,11.850000,12.040000,77.23577235772356
2022-09-13,11.270000,11.300000,70.37037037037035
2022-09-14,10.960000,11.230000,68.1003584229391
2022-09-15,11.040000,11.040000,58.41121495327103
2022-09-16,10.690000,10.690000,34.04255319148935
2022-09-19,10.160000,10.300000,4.324324324324241
2022-09-20,10.140000,10.140000,6.201550387596789
2022-09-21,10.100000,10.100000,7.84313725490181
2022-09-22,9.120000,9.560000,0.0
2022-09-23,8.970000,9.000000,0.0
2022-09-26,8.620000,9.015000,0.0
2022-09-27,8.880000,8.900000,14.606741573033771
2022-09-28,8.900000,9.440000,15.90909090909096
2022-09-29,9.080000,9.080000,47.916666666666714
2022-09-30,9.000000,9.470000,51.68539325842693
2022-10-03,9.140000,9.200000,88.23529411764707
2022-10-04,9.400000,9.850000,88.23529411764704
2022-10-05,9.580000,9.730000,90.47619047619045
2022-10-06,9.650000,9.830000,89.04109589041094
2022-10-07,9.570000,9.800000,89.04109589041094
2022-10-10,9.210000,9.210000,53.68421052631581
2022-10-11,8.770000,9.150000,22.12389380530972
2022-10-12,8.890000,8.969000,17.75700934579448
2022-10-13,8.330000,9.310000,7.692307692307745
2022-10-14,9.460000,9.569000,47.89272030651342
2022-10-17,9.250000,9.590000,50.81300813008128
2022-10-18,10.000000,10.130000,72.20216606498192
2022-10-19,9.700000,9.700000,63.728813559322
2022-10-20,8.944000,9.110000,59.758423394787044
2022-10-21,8.780000,9.270000,34.403669724770616
2022-10-24,9.410000,9.549000,53.07692307692308
2022-10-25,9.760000,9.820000,44.54545454545455
2022-10-26,9.710000,10.450000,50.2564102564103
2022-10-27,10.030000,10.210000,85.86525759577275
2022-10-28,9.700000,10.260000,77.38095238095241
2022-10-31,10.210000,10.340000,75.64102564102568
2022-11-01,10.320000,10.559000,71.21212121212125
2022-11-02,10.165000,10.600000,65.96491228070168
2022-11-03,9.570000,9.837000,36.47058823529415
2022-11-04,9.820000,9.820000,53.70370370370373
2022-11-07,9.670000,10.059000,28.57142857142853
2022-11-08,9.800000,10.290000,29.687500000000036
2022-11-09,9.560000,9.810000,27.838827838827893
2022-11-10,9.940000,10.180000,66.08695652173908
2022-11-11,10.190000,10.540000,66.08695652173908
2022-11-14,10.570000,11.080000,82.6086956521739
2022-11-15,10.980000,11.099000,85.54216867469879
2022-11-16,10.410000,10.620000,71.35678391959799
2022-11-17,9.430000,9.630000,40.15444015444016
2022-11-18,9.740000,9.980000,41.50943396226417
2022-11-21,9.740000,9.880000,31.718061674008815
2022-11-22,9.680000,9.840000,16.145833333333346
2022-11-23,9.830000,9.910000,30.666666666666686
2022-11-25,9.510000,9.900000,54.76190476190476
2022-11-28,9.890000,10.170000,58.24175824175824
2022-11-29,9.940000,10.130000,60.41666666666662
2022-11-30,9.990000,10.430000,66.31578947368422
2022-12-01,10.490000,10.720000,75.38461538461537
2022-12-02,10.500000,10.960000,100.00000000000001
2022-12-05,10.550000,10.550000,100.0
2022-12-06,10.200000,10.200000,63.54166666666662
2022-12-07,9.860000,10.050000,44.799999999999976
2022-12-08,9.710000,10.200000,6.666666666666719
2022-12-09,9.950000,9.950000,25.66371681415924
2022-12-12,9.500000,9.980000,15.686274509803845
2022-12-13,10.500000,10.600000,56.88073394495416
2022-12-14,10.190000,10.429000,57.67441860465117
2022-12-15,9.795000,9.980000,51.77453027139873
2022-12-16,9.210000,9.230000,36.496350364963526
2022-12-19,9.020000,9.058000,40.32258064516128
2022-12-20,8.670000,8.930000,0.0
2022-12-21,9.070000,9.390000,20.833333333333353
2022-12-22,8.980000,8.980000,24.76780185758516
2022-12-23,9.000000,9.000000,39.999999999999964
2022-12-27,8.820000,8.820000,40.38461538461541
2022-12-28,8.630000,8.680000,47.727272727272776
2022-12-29,8.500000,9.120000,3.278688524590097
2022-12-30,8.780000,8.970000,37.499999999999915
2023-01-03,9.030000,9.030000,51.45631067961162
2023-01-04,9.020000,9.080000,61.62790697674415
2023-01-05,9.020000,9.020000,79.10447761194021
2023-01-06,9.030000,9.360000,98.18181818181822
2023-01-09,9.300000,9.520000,98.1481481481482
2023-01-10,9.230000,9.499000,77.77777777777783
2023-01-11,9.500000,9.590000,88.7096774193548
2023-01-12,9.580000,9.842000,89.99999999999997
2023-01-13,9.750000,10.120000,91.86046511627904
2023-01-17,10.120000,10.140000,92.7083333333333
2023-01-18,10.010000,10.180000,89.00000000000004
2023-01-19,9.523000,9.805000,50.94494658997534
2023-01-20,9.881000,10.090000,60.066889632107035
2023-01-23,10.070000,10.720000,60.568031704095134
2023-01-24,10.490000,10.535000,61.8286445012788
2023-01-25,10.000000,10.316000,49.742798353909464
2023-01-26,10.490000,10.590000,74.83307652799178
2023-01-27,10.310000,10.680000,62.12549462973432
2023-01-30,10.400000,10.500000,59.880239520958085
2023-01-31,10.130000,10.600000,38.157894736842124
2023-02-01,10.600000,11.000000,70.00000000000001
2023-02-02,10.830000,11.160000,63.70967741935485
2023-02-03,10.950000,11.110000,77.1186440677966
2023-02-06,11.070000,11.160000,77.68595041322315
2023-02-07,10.750000,10.970000,74.60317460317457
2023-02-08,10.750000,10.750000,59.49367088607596
2023-02-09,10.580000,10.580000,32.876712328767134
2023-02-10,10.050000,10.130000,10.526315789473767
2023-02-13,10.110000,10.170000,5.555555555555446
2023-02-14,10.150000,10.520000,12.499999999999972
2023-02-15,9.868000,10.180000,9.242144177449145
2023-02-16,9.800000,10.010000,10.20408163265304
2023-02-17,9.690000,10.410000,17.85714285714278
2023-02-21,10.110000,10.110000,50.0
2023-02-22,9.380000,9.610000,26.086956521739136
2023-02-23,9.560000,9.780000,39.787798408488065
2023-02-24,9.390000,9.390000,37.26708074534161
2023-02-27,9.310000,9.440000,37.974683544303815
2023-02-28,8.740000,9.060000,10.404624277456639
2023-03-01,9.660000,9.850000,57.29166666666666
2023-03-02,9.560000,9.670000,50.00000000000001
2023-03-03,9.750000,10.085000,59.6774193548387
2023-03-06,9.980000,9.980000,66.66666666666667
2023-03-07,9.660000,9.660000,76.13636363636364
2023-03-08,9.039000,9.070000,28.747433264887054
2023-03-09,9.085000,9.085000,33.120113717128675
2023-03-10,8.350000,8.350000,14.139344262295138
2023-03-13,7.910000,8.420000,2.1276595744681357
2023-03-14,8.650000,8.800000,30.441518202943477
2023-03-15,8.250000,8.580000,33.290978398983505
2023-03-16,8.380000,8.830000,35.58282208588958
2023-03-17,8.500000,8.500000,54.09836065573772
2023-03-20,8.390000,8.619000,66.00000000000001
2023-03-21,8.800000,8.820000,56.41025641025642
2023-03-22,8.570000,8.570000,66.00000000000001
2023-03-23,8.210000,8.230000,43.08943089430894
2023-03-24,7.810000,8.050000,27.152317880794698
2023-03-27,8.140000,8.577000,42.77456647398845
2023-03-28,8.390000,8.520000,36.942675159235684
2023-03-29,8.420000,8.460000,44.52554744525546
2023-03-30,8.390000,8.470000,58.65384615384613
2023-03-31,8.410000,8.560000,95.45454545454554
2023-04-03,8.560000,8.730000,93.75000000000011
2023-04-04,8.620000,8.630000,89.65517241379322
2023-04-05,8.400000,8.575000,47.9166666666667
2023-04-06,8.610000,8.920000,66.66666666666667
2023-04-10,8.840000,8.880000,74.71264367816097
2023-04-11,8.880000,9.000000,71.05263157894744
2023-04-12,8.950000,8.975000,71.42857142857149
2023-04-13,8.930000,9.210000,96.49122807017551
2023-04-14,8.940000,8.940000,94.5945945945947
2023-04-17,8.820000,9.230000,46.1538461538462
2023-04-18,9.000000,9.050000,65.00000000000003
2023-04-19,8.830000,9.230000,38.000000000000036
2023-04-20,9.070000,9.150000,59.72222222222228
2023-04-21,9.271000,9.480000,68.16684961580688
2023-04-24,9.490000,9.500000,83.16831683168317
2023-04-25,9.140000,9.210000,55.93220338983053
2023-04-26,8.738000,8.770000,46.74220963172803
2023-04-27,8.700000,8.825000,34.71074380165286
2023-04-28,9.000000,9.160000,39.64858670741022
2023-05-01,9.060000,9.410000,31.304347826087003
2023-05-02,9.260000,9.370000,55.99999999999995
2023-05-03,9.230000,9.410000,89.17197452229306
2023-05-04,8.860000,8.920000,58.333333333333336
2023-05-05,9.070000,9.300000,54.022988505747136
2023-05-08,9.300000,9.300000,61.53846153846154
2023-05-09,9.290000,9.311000,51.7647058823529
2023-05-10,9.150000,9.261000,45.83333333333334
2023-05-11,9.100000,9.180000,68.74999999999994
2023-05-12,9.020000,9.020000,45.09803921568622
2023-05-15,8.651000,8.900000,0.0
2023-05-16,8.560000,8.560000,0.0
2023-05-17,8.260000,8.260000,0.0
2023-05-18,8.100000,8.130000,0.0
2023-05-19,8.240000,8.399000,13.207547169811368
2023-05-22,8.170000,8.410000,18.396846254927777
2023-05-23,8.250000,8.500000,29.33333333333335
2023-05-24,8.200000,8.200000,43.99999999999997
2023-05-25,7.780000,7.780000,28.94736842105269
2023-05-26,7.590000,7.590000,9.876543209876546
2023-05-30,7.470000,7.480000,9.302325581395353
2023-05-31,7.150000,7.410000,0.0
2023-06-01,7.450000,7.560000,22.22222222222223
2023-06-02,7.580000,7.910000,40.566037735849044
2023-06-05,7.860000,8.000000,61.73913043478264
2023-06-06,7.980000,8.140000,72.1739130434783
2023-06-07,8.190000,8.260000,100.0
2023-06-08,8.270000,8.270000,100.0
2023-06-09,8.118000,8.184000,81.94774346793355
2023-06-12,8.048000,8.270000,64.873417721519
2023-06-13,8.090000,8.590000,59.927797833934996
2023-06-14,8.450000,8.640000,68.46590909090911
2023-06-15,8.410000,8.716000,60.54216867469887
2023-06-16,8.730000,8.970000,86.77884615384622
2023-06-20,8.635000,8.800000,84.2473745624271
2023-06-21,8.670000,8.820000,84.11764705882355
2023-06-22,8.760000,8.850000,76.72413793103452
2023-06-23,8.620000,8.620000,65.44117647058813
2023-06-26,8.340000,8.340000,19.531249999999982
2023-06-27,7.948000,8.030000,13.34044823906084
2023-06-28,7.940000,7.940000,9.890109890109883
2023-06-29,7.870000,7.960000,0.0
2023-06-30,8.100000,8.247000,23.469387755102026
2023-07-03,8.200000,8.299000,41.24999999999995
2023-07-05,8.148000,8.170000,71.73913043478257
2023-07-06,8.000000,8.000000,54.99999999999997
2023-07-07,7.970000,7.970000,58.92857142857141
2023-07-10,7.760000,7.990000,18.518518518518484
2023-07-11,7.910000,8.130000,25.42372881355939
2023-07-12,8.250000,8.290000,55.808656036446486
2023-07-13,8.170000,8.202000,60.493827160493815
2023-07-14,8.260000,8.310000,66.66666666666667
2023-07-17,8.230000,8.250000,84.05797101449282
2023-07-18,8.170000,8.420000,71.66666666666666
2023-07-19,8.310000,8.540000,57.50000000000006
2023-07-20,8.560000,8.750000,84.21052631578951
2023-07-21,8.570000,8.950000,81.63265306122453
2023-07-24,8.900000,9.160000,92.40506329113919
2023-07-25,8.810000,9.020000,89.02439024390246
2023-07-26,8.740000,8.985000,78.66666666666664
2023-07-27,8.990000,9.080000,78.66666666666664
2023-07-28,9.510000,9.640000,87.30158730158729
2023-07-31,9.630000,9.770000,84.76190476190476
2023-08-01,9.700000,9.730000,93.2038834951456
2023-08-02,9.300000,9.395000,70.58823529411771
2023-08-03,9.260000,9.410000,61.73913043478261
2023-08-04,9.360000,9.490000,39.72602739726023
2023-08-07,9.390000,9.520000,31.249999999999947
2023-08-08,9.430000,9.867000,27.86885245901641
2023-08-09,9.970000,9.970000,94.66666666666656
2023-08-10,9.770000,9.884000,78.02197802197796
2023-08-11,9.460000,9.740000,54.46428571428577
2023-08-14,9.640000,9.640000,59.84251968503937
2023-08-15,9.390000,9.530000,48.648648648648674
2023-08-16,9.410000,9.410000,20.83333333333328
2023-08-17,9.150000,9.170000,19.607843137254875
2023-08-18,8.850000,9.140000,19.801980198019734
2023-08-21,9.130000,9.246000,27.02702702702706
2023-08-22,9.210000,9.370000,40.42553191489365
2023-08-23,9.360000,9.460000,47.66355140186913
2023-08-24,9.400000,9.420000,64.70588235294115
2023-08-25,9.260000,9.370000,79.71014492753619
2023-08-28,9.400000,9.580000,74.54545454545448
2023-08-29,9.500000,9.770000,75.43859649122798
2023-08-30,9.755000,9.800000,79.25925925925925
2023-08-31,9.780000,9.885000,78.78787878787871
2023-09-01,9.730000,9.960000,91.22807017543876
2023-09-05,9.900000,9.900000,91.66666666666681
2023-09-06,9.240000,9.240000,38.79310344827586
2023-09-07,9.050000,9.080000,17.8082191780821
2023-09-08,9.030000,9.175000,15.596330275229354
2023-09-11,9.110000,9.340000,22.32142857142855
2023-09-12,9.130000,9.240000,10.309278350515585
2023-09-13,9.190000,9.230000,43.243243243243164
2023-09-14,9.200000,9.200000,89.47368421052568
2023-09-15,9.010000,9.010000,47.22222222222228
2023-09-18,8.700000,8.700000,15.254237288135572
2023-09-19,8.320000,8.320000,7.368421052631441
2023-09-20,8.260000,8.417000,1.0526315789473468
2023-09-21,7.990000,7.990000,0.0
2023-09-22,7.720000,7.780000,0.0
2023-09-25,7.500000,7.550000,0.0
2023-09-26,7.640000,7.720000,14.5833333333333
2023-09-27,7.557000,7.557000,14.242115971515753
2023-09-28,7.260000,7.410000,13.861386138613833
2023-09-29,7.510000,7.510000,39.39393939393939
2023-10-02,7.140000,7.140000,34.21052631578946
2023-10-03,6.700000,6.730000,17.361111111111118
2023-10-04,6.549000,6.549000,16.578249336870027
2023-10-05,6.500000,6.590000,19.841269841269845
2023-10-06,6.420000,6.770000,0.0
2023-10-09,6.650000,6.770000,24.210526315789515
2023-10-10,6.650000,6.880000,45.0980392156863
2023-10-11,6.930000,6.930000,79.8122065727699
2023-10-12,6.760000,6.760000,67.10526315789473
2023-10-13,6.120000,6.120000,38.63636363636364
2023-10-16,6.120000,6.390000,25.68807339449538
2023-10-17,6.280000,6.405000,35.19999999999999
2023-10-18,6.250000,6.250000,16.000000000000014
2023-10-19,5.840000,5.840000,12.903225806451623
2023-10-20,5.570000,5.680000,18.390804597701162
2023-10-23,5.500000,5.520000,17.021276595744688
2023-10-24,5.390000,5.560000,0.0
2023-10-25,5.440000,5.440000,5.4945054945055665
2023-10-26,5.270000,5.340000,7.462686567164266
2023-10-27,5.220000,5.220000,11.11111111111122
2023-10-30,5.060000,5.140000,9.259259259259359
2023-10-31,4.930000,5.130000,8.928571428571534
2023-11-01,5.110000,5.210000,26.086956521739168
2023-11-02,5.340000,5.460000,54.666666666666686
2023-11-03,5.510000,5.840000,66.66666666666667
2023-11-06,5.780000,5.810000,86.73469387755104
2023-11-07,5.410000,5.630000,69.672131147541
2023-11-08,5.600000,5.600000,69.91869918699184
2023-11-09,5.255000,5.276000,46.840148698884754
2023-11-10,4.850000,4.870000,29.11392405063291
2023-11-13,4.730000,4.820000,13.286713286713264
2023-11-14,5.000000,5.230000,34.58646616541351
2023-11-15,5.230000,5.510000,36.496350364963526
2023-11-16,5.310000,5.360000,52.488687782805414
2023-11-17,5.294000,5.370000,81.00558659217883
2023-11-20,5.350000,5.510000,97.54601226993864
2023-11-21,5.470000,5.470000,96.81274900398407
2023-11-22,5.500000,5.540000,94.70198675496688
2023-11-24,5.450000,5.600000,75.73529411764714
2023-11-27,5.530000,5.530000,85.11904761904769
2023-11-28,5.450000,5.450000,63.88888888888895
2023-11-29,5.400000,5.530000,37.931034482758726
2023-11-30,5.450000,5.570000,41.93548387096776
2023-12-01,5.490000,5.750000,56.66666666666668
2023-12-04,5.700000,6.110000,69.76744186046513
2023-12-05,6.020000,6.103000,92.53731343283583
2023-12-06,6.100000,6.170000,100.0
2023-12-07,6.000000,6.070000,86.6666666666667
2023-12-08,6.000000,6.190000,85.91549295774651
2023-12-11,6.050000,6.130000,81.81818181818184
2023-12-12,6.180000,6.300000,72.22222222222227
2023-12-13,6.280000,6.870000,73.68421052631588
2023-12-14,7.070000,7.200000,100.0
2023-12-15,6.930000,6.943000,88.42975206611567
2023-12-18,6.870000,6.900000,83.60655737704917
2023-12-19,6.920000,7.210000,82.45614035087719
2023-12-20,7.140000,7.270000,84.12698412698411
2023-12-21,6.870000,7.090000,36.48648648648646
2023-12-22,7.200000,7.500000,64.5161290322581
2023-12-26,7.500000,7.670000,76.92307692307693
