Date,Open,Close
2010-08-27,1.29,1.32
2010-08-30,1.27,1.27
2010-08-31,1.25,1.28
2010-09-01,1.33,1.34
2010-09-02,1.37,1.4
2010-09-03,1.42,1.42
2010-09-07,1.42,1.39
2010-09-08,1.41,1.41
2010-09-09,1.43,1.4
2010-09-10,1.43,1.43
2010-09-13,1.46,1.46
2010-09-14,1.5,1.51
2010-09-15,1.48,1.5
2010-09-16,1.5,1.49
2010-09-17,1.49,1.49
2010-09-20,1.53,1.55
2010-09-21,1.66,1.55
2010-09-22,1.56,1.55
2010-09-24,1.64,1.64
2010-09-27,1.57,1.62
2010-09-28,1.59,1.65
2010-09-29,1.64,1.63
2010-09-30,1.65,1.62
2010-10-01,1.61,1.61
2010-10-05,1.63,1.65
2010-10-07,1.65,1.65
2010-10-08,1.66,1.66
2010-10-11,1.67,1.67
2010-10-12,1.66,1.66
2010-10-13,1.67,1.65
2010-10-14,1.64,1.61
2010-10-15,1.65,1.66
2010-10-18,1.71,1.65
2010-10-19,1.63,1.61
2010-10-20,1.62,1.63
2010-10-21,1.67,1.67
2010-10-22,1.68,1.68
2010-10-25,1.71,1.69
2010-10-26,1.68,1.7
2010-10-27,1.67,1.65
2010-10-28,1.68,1.66
2010-10-29,1.66,1.66
2010-11-01,1.67,1.67
2010-11-02,1.68,1.7
2010-11-03,1.7,1.71
2010-11-04,1.75,1.77
2010-11-05,1.77,1.79
2010-11-08,1.78,1.78
2010-11-09,1.77,1.74
2010-11-10,1.76,1.77
2010-11-11,1.74,1.77
2010-11-12,1.76,1.72
2010-11-15,1.73,1.7
2010-11-16,1.7,1.7
2010-11-17,1.72,1.71
2010-11-18,1.76,1.74
2010-11-19,1.73,1.77
2010-11-22,1.77,1.8
2010-11-23,1.79,1.78
2010-11-24,1.81,1.85
2010-11-26,1.83,1.84
2010-11-29,2,1.82
2010-11-30,1.78,1.84
2010-12-01,1.89,1.88
2010-12-02,1.89,1.93
2010-12-03,1.92,1.92
2010-12-06,1.92,1.92
2010-12-07,1.96,1.93
2010-12-08,1.92,1.93
2010-12-09,1.98,1.92
2010-12-10,1.93,1.93
2010-12-13,1.94,1.92
2010-12-14,1.89,1.89
2010-12-15,1.88,1.9
2010-12-16,1.89,1.91
2010-12-17,1.92,1.92
2010-12-20,1.91,1.93
2010-12-21,1.93,1.93
2010-12-22,1.91,1.92
2010-12-23,1.91,1.92
2010-12-27,1.92,1.92
2010-12-28,1.91,1.91
2010-12-29,1.91,1.93
2010-12-30,1.93,1.93
2011-01-03,1.94,1.95
2011-01-05,1.9,1.9
2011-01-06,1.88,1.84
2011-01-07,1.85,1.84
2011-01-10,1.82,1.85
2011-01-11,1.85,1.84
2011-01-12,1.86,1.87
2011-01-13,1.87,1.87
2011-01-14,1.86,1.89
2011-01-18,1.89,1.89
2011-01-19,1.87,1.86
2011-01-20,1.89,1.9
2011-01-21,1.93,1.88
2011-01-24,1.9,1.9
2011-01-25,1.91,1.9
2011-01-26,1.92,1.93
2011-01-27,1.96,1.96
2011-01-28,1.94,1.87
2011-01-31,1.85,1.86
2011-02-01,1.88,1.89
2011-02-03,1.87,1.89
2011-02-04,1.89,1.92
2011-02-07,1.91,1.93
2011-02-08,1.96,1.96
2011-02-09,1.99,1.99
2011-02-10,1.97,1.98
2011-02-11,1.97,2.01
2011-02-14,2,2
2011-02-15,1.99,2
2011-02-16,2.04,2.02
2011-02-17,2,2.02
2011-02-18,2.03,2.03
2011-02-22,1.98,1.95
2011-02-23,1.88,1.88
2011-02-24,1.87,1.86
2011-02-25,1.89,1.89
2011-03-01,1.89,1.86
2011-03-02,1.85,1.87
2011-03-03,1.9,1.91
2011-03-04,1.87,1.87
2011-03-07,1.84,1.85
2011-03-09,1.88,1.9
2011-03-10,1.87,1.87
2011-03-11,1.87,1.89
2011-03-14,1.8,1.86
2011-03-15,1.84,1.83
2011-03-16,1.79,1.79
2011-03-25,1.9,1.9
2011-03-28,1.91,1.87
2011-03-29,1.89,1.89
2011-03-30,1.92,1.94
2011-03-31,1.93,1.91
2011-04-01,1.93,1.92
2011-04-04,1.94,1.94
2011-04-05,1.97,1.99
2011-04-06,2.01,2
2011-04-07,2.02,2.02
2011-04-08,2.01,1.99
2011-04-11,1.99,2
2011-04-12,2,2
2011-04-13,2.01,2.01
2011-04-14,2,2.01
2011-04-15,2.02,2.02
2011-04-18,1.96,1.97
2011-04-19,1.99,1.99
2011-04-20,2.05,2.05
2011-04-21,2.05,2.05
2011-04-26,2.03,2.05
2011-04-27,2.09,2.12
2011-04-28,2.11,2.11
2011-05-03,2.11,2.11
2011-05-05,2.09,2.1
2011-05-09,2.09,2.12
2011-05-10,2.14,2.16
2011-05-11,2.16,2.16
2011-05-12,2.21,2.21
2011-05-13,2.22,2.18
2011-05-16,2.13,2.12
2011-05-17,2.12,2.14
2011-05-19,2.13,2.13
2011-05-23,2.03,2.06
2011-05-25,2.01,2.02
2011-05-26,2.03,2.05
2011-05-31,2.06,2.07
2011-06-01,2.05,2.05
2011-06-02,2,1.95
2011-06-06,1.88,1.88
2011-06-09,1.89,1.89
2011-06-14,1.86,1.89
2011-06-15,1.84,1.84
2011-06-16,1.84,1.84
2011-06-17,1.89,1.87
2011-06-21,1.91,1.97
2011-06-22,1.95,1.93
2011-06-23,1.94,1.96
2011-06-24,1.97,1.97
2011-06-27,1.93,1.93
2011-06-28,1.98,1.98
2011-06-29,2,2.01
2011-06-30,2,2.01
2011-07-01,2.02,2.08
2011-07-05,2.08,2.09
2011-07-06,2.1,2.11
2011-07-07,2.19,2.2
2011-07-08,2.15,2.15
2011-07-11,2.1,2.11
2011-07-14,2.12,2.09
2011-07-15,2.07,2.07
2011-07-19,2.12,2.12
2011-07-20,2.1,2.1
2011-07-21,2.13,2.12
2011-07-22,2.12,2.13
2011-07-25,2.11,2.11
2011-07-27,2.11,2.11
2011-07-28,2.08,2.09
2011-07-29,2.02,2.02
2011-08-01,1.99,1.99
2011-08-02,1.97,1.97
2011-08-03,1.86,1.86
2011-08-04,1.82,1.82
2011-08-08,1.67,1.59
2011-08-09,1.56,1.56
2011-08-11,1.68,1.68
2011-08-12,1.7,1.7
2011-08-15,1.72,1.72
2011-08-16,1.73,1.75
2011-08-18,1.63,1.63
2011-08-19,1.68,1.61
2011-08-22,1.66,1.62
2011-08-24,1.73,1.73
2011-08-25,1.72,1.72
2011-08-26,1.77,1.78
2011-08-29,1.83,1.83
2011-08-30,1.87,1.87
2011-08-31,1.89,1.86
2011-09-02,1.77,1.77
2011-09-06,1.7,1.7
2011-09-07,1.8,1.82
2011-09-08,1.82,1.84
2011-09-12,1.72,1.75
2011-09-13,1.83,1.84
2011-09-14,1.9,1.9
2011-09-16,1.97,1.99
2011-09-19,1.99,1.99
2011-09-20,2,1.95
2011-09-21,1.96,1.95
2011-09-22,1.77,1.79
2011-09-23,1.81,1.81
2011-09-28,1.92,1.88
2011-09-29,1.92,1.87
2011-09-30,1.8,1.8
2011-10-03,1.76,1.74
2011-10-04,1.66,1.66
2011-10-05,1.77,1.82
2011-10-06,1.83,1.83
2011-10-07,1.89,1.86
2011-10-10,1.97,1.97
2011-10-11,1.97,1.99
2011-10-12,2.02,2.05
2011-10-14,2.06,2.07
2011-10-17,2.06,2.04
2011-10-18,2.03,2.11
2011-10-19,2.09,2.09
2011-10-20,2.07,2.07
2011-10-21,2.14,2.14
2011-10-24,2.2,2.17
2011-10-25,2.13,2.09
2011-10-26,2.03,2.03
2011-10-27,2.1,2.12
2011-10-28,2.09,2.09
2011-10-31,2.09,2.07
2011-11-01,2.02,2.04
2011-11-02,2.08,2.08
2011-11-03,2.08,2.1
2011-11-04,2.07,2.1
2011-11-07,2.12,2.13
2011-11-08,2.15,2.18
2011-11-09,2.12,2.06
2011-11-10,2.11,2.07
2011-11-11,2.12,2.16
2011-11-14,2.16,2.15
2011-11-15,2.15,2.14
2011-11-16,2.12,2.07
2011-11-17,2.08,2.02
2011-11-18,2.06,2.01
2011-11-21,1.96,1.96
2011-11-22,1.95,1.95
2011-11-23,1.89,1.91
2011-11-25,1.93,1.88
2011-11-28,1.98,1.96
2011-11-29,1.99,2.01
2011-11-30,2.11,2.07
2011-12-01,2.05,2.09
2011-12-02,2.15,2.11
2011-12-05,2.16,2.17
2011-12-06,2.16,2.2
2011-12-07,2.17,2.22
2011-12-08,2.17,2.1
2011-12-09,2.13,2.16
2011-12-12,2.1,2.1
2011-12-13,2.05,1.88
2011-12-14,1.86,1.87
2011-12-15,1.92,1.88
2011-12-16,1.93,1.91
2011-12-19,1.93,1.84
2011-12-20,1.91,1.99
2011-12-21,1.97,1.97
2011-12-22,1.99,1.97
2011-12-23,1.97,2.01
2011-12-27,2.01,2.02
2011-12-28,2,1.97
2012-01-03,2.04,1.99
2012-01-04,2,2.01
2012-01-05,1.94,2.01
2012-01-06,2.01,2.02
2012-01-09,2.02,2
2012-01-10,2.02,2.02
2012-01-11,2.03,2.02
2012-01-12,2.04,2
2012-01-13,1.99,2.01
2012-01-17,2.08,2.09
2012-01-18,2.11,2.19
2012-01-19,2.22,2.27
2012-01-20,2.24,2.21
2012-01-23,2.16,2.19
2012-01-24,2.18,2.2
2012-01-25,2.2,2.23
2012-01-26,2.28,2.24
2012-01-27,2.26,2.27
2012-01-30,2.24,2.21
2012-01-31,2.27,2.24
2012-02-02,2.25,2.25
2012-02-03,2.33,2.34
2012-02-06,2.33,2.33
2012-02-07,2.35,2.35
2012-02-09,2.32,2.36
2012-02-13,2.39,2.39
2012-02-14,2.4,2.39
2012-02-15,2.4,2.35
2012-02-16,2.36,2.36
2012-02-17,2.41,2.44
2012-02-21,2.46,2.38
2012-02-22,2.31,2.35
2012-02-23,2.33,2.38
2012-02-24,2.37,2.39
2012-02-27,2.35,2.4
2012-02-28,2.41,2.46
2012-02-29,2.47,2.46
2012-03-01,2.47,2.49
2012-03-02,2.5,2.5
2012-03-05,2.47,2.52
2012-03-06,2.45,2.47
2012-03-07,2.51,2.57
2012-03-08,2.61,2.66
2012-03-09,2.66,2.67
2012-03-12,2.7,2.69
2012-03-13,2.72,2.75
2012-03-14,2.78,2.77
2012-03-15,2.77,2.78
2012-03-16,2.8,2.77
2012-03-19,2.73,2.76
2012-03-20,2.71,2.85
2012-03-21,2.85,2.87
2012-03-22,2.83,2.87
2012-03-23,2.78,2.85
2012-03-26,2.93,3
2012-03-27,3.03,3
2012-03-28,3,2.91
2012-03-29,2.9,2.93
2012-03-30,2.96,2.93
2012-04-02,2.93,2.95
2012-04-03,2.95,2.93
2012-04-04,2.88,2.84
2012-04-05,2.83,2.94
2012-04-09,2.83,2.85
2012-04-10,2.83,2.66
2012-04-11,2.74,2.73
2012-04-12,2.74,2.83
2012-04-16,2.85,2.84
2012-04-17,2.91,2.95
2012-04-18,2.94,2.99
2012-04-19,2.96,2.89
2012-04-20,2.97,2.96
2012-04-23,2.83,2.8
2012-04-24,2.75,2.71
2012-04-25,2.79,2.81
2012-04-26,2.84,2.92
2012-04-27,3.05,3.13
2012-04-30,3.14,3.08
2012-05-01,3.07,3.11
2012-05-02,3.13,3.18
2012-05-03,3.21,3.09
2012-05-04,3.05,2.98
2012-05-07,2.83,2.97
2012-05-08,2.87,2.87
2012-05-09,2.84,2.85
2012-05-10,2.89,2.89
2012-05-11,2.97,2.93
2012-05-14,2.86,2.8
2012-05-15,2.76,2.82
2012-05-16,2.8,2.8
2012-05-17,2.71,2.6
2012-05-18,2.61,2.57
2012-05-21,2.51,2.64
2012-05-22,2.66,2.69
2012-05-23,2.65,2.75
2012-05-24,2.94,2.79
2012-05-25,2.86,2.86
2012-05-29,2.91,2.94
2012-05-30,2.84,2.82
2012-05-31,2.86,2.85
2012-06-01,2.77,2.65
2012-06-04,2.68,2.68
2012-06-05,2.66,2.66
2012-06-06,2.84,2.85
2012-06-07,2.92,2.88
2012-06-08,2.89,3
2012-06-11,3.17,2.86
2012-06-12,2.9,2.94
2012-06-13,2.9,2.8
2012-06-14,2.87,2.96
2012-06-15,2.97,2.98
2012-06-18,2.98,3.08
2012-06-19,3.11,3.13
2012-06-20,3.21,3.09
2012-06-21,3.09,2.89
2012-06-22,2.89,2.92
2012-06-25,2.83,2.84
2012-06-26,2.88,2.91
2012-06-27,2.9,2.87
2012-06-28,2.75,2.76
2012-06-29,2.93,3.03
2012-07-02,3.21,3.05
2012-07-03,3.04,3.05
2012-07-05,3.05,3.07
2012-07-06,3.1,3.1
2012-07-09,3.13,3.1
2012-07-10,3.15,3.09
2012-07-11,3,3
2012-07-12,2.97,2.94
2012-07-13,3.02,3.14
2012-07-16,3.07,3.13
2012-07-17,3.04,3.09
2012-07-18,3.05,3.13
2012-07-19,3.16,3.19
2012-07-20,3.12,3.14
2012-07-23,2.97,2.97
2012-07-24,3.02,3.02
2012-07-25,3.1,3.01
2012-07-26,3.09,3.12
2012-07-27,3.3,3.35
2012-07-30,3.37,3.34
2012-07-31,3.46,3.24
2012-08-01,3.23,3.17
2012-08-02,3.19,3.1
2012-08-03,3.28,3.28
2012-08-06,3.32,3.31
2012-08-07,3.36,3.37
2012-08-08,3.38,3.38
2012-08-09,3.39,3.35
2012-08-10,3.34,3.31
2012-08-13,3.33,3.3
2012-08-14,3.42,3.39
2012-08-15,3.41,3.44
2012-08-16,3.44,3.51
2012-08-17,3.52,3.53
2012-08-20,3.5,3.46
2012-08-21,3.56,3.5
2012-08-23,3.51,3.46
2012-08-24,3.68,3.56
2012-08-27,3.6,3.55
2012-08-28,3.58,3.59
2012-08-29,3.6,3.66
2012-08-30,3.63,3.62
2012-08-31,3.64,3.65
2012-09-04,3.65,3.68
2012-09-05,3.63,3.64
2012-09-06,3.73,3.82
2012-09-07,3.86,3.8
2012-09-10,3.83,3.86
2012-09-11,3.79,3.77
2012-09-12,3.82,3.78
2012-09-13,3.79,3.94
2012-09-14,4,3.93
2012-09-17,3.99,3.88
2012-09-18,3.81,3.82
2012-09-19,3.86,3.97
2012-09-20,3.85,3.91
2012-09-21,3.96,3.94
2012-09-24,3.83,3.83
2012-09-25,3.85,3.73
2012-09-26,3.75,3.73
2012-09-27,3.8,3.79
2012-09-28,3.69,3.75
2012-10-01,3.8,3.8
2012-10-02,3.76,3.7
2012-10-03,3.75,3.83
2012-10-04,3.94,3.94
2012-10-05,4,4.02
2012-10-08,4.02,3.99
2012-10-09,3.87,3.83
2012-10-10,3.82,3.77
2012-10-11,3.82,3.7
2012-10-12,3.71,3.67
2012-10-15,3.76,3.74
2012-10-16,3.85,3.83
2012-10-17,3.9,3.86
2012-10-18,3.87,3.81
2012-10-19,3.73,3.7
2012-10-22,3.66,3.61
2012-10-23,3.53,3.61
2012-10-24,3.64,3.54
2012-10-26,3.46,3.54
2012-10-31,3.71,3.66
2012-11-01,3.7,3.67
2012-11-02,3.73,3.63
2012-11-05,3.59,3.68
2012-11-06,3.76,3.75
2012-11-07,3.65,3.63
2012-11-08,3.65,3.43
2012-11-09,3.35,3.41
2012-11-13,3.33,3.47
2012-11-14,3.41,3.33
2012-11-15,3.24,3.3
2012-11-16,3.33,3.33
2012-11-19,3.36,3.55
2012-11-20,3.55,3.58
2012-11-21,3.6,3.63
2012-11-23,3.7,3.75
2012-11-26,3.75,3.72
2012-11-27,3.72,3.7
2012-11-28,3.78,3.87
2012-11-29,3.81,3.82
2012-11-30,3.81,3.92
2012-12-03,4.02,3.86
2012-12-04,3.8,3.76
2012-12-05,3.73,3.81
2012-12-07,3.89,3.82
2012-12-10,3.86,3.72
2012-12-11,3.72,3.63
2012-12-12,3.52,3.43
2012-12-13,3.45,3.46
2012-12-14,3.37,3.32
2012-12-17,3.32,3.44
2012-12-18,3.5,3.58
2012-12-19,3.55,3.48
2012-12-20,3.41,3.45
2012-12-21,3.4,3.36
2012-12-24,3.33,3.37
2012-12-26,3.33,3.21
2012-12-27,3.22,3.2
2012-12-28,3.12,3.15
2012-12-31,3.21,3.31
2013-01-02,3.4,3.44
2013-01-03,3.55,3.47
2013-01-04,3.5,3.52
2013-01-07,3.57,3.52
2013-01-08,3.51,3.46
2013-01-09,3.49,3.48
2013-01-10,3.46,3.4
2013-01-11,3.48,3.5
2013-01-14,3.51,3.52
2013-01-15,3.52,3.6
2013-01-16,3.6,3.63
2013-01-17,3.64,3.69
2013-01-18,3.68,3.69
2013-01-22,3.69,3.75
2013-01-23,3.78,3.77
2013-01-24,3.83,3.95
2013-01-25,3.96,4.05
2013-01-28,4.04,4
2013-01-29,3.95,3.94
2013-01-30,3.97,3.97
2013-01-31,3.95,3.92
2013-02-01,3.95,3.96
2013-02-04,3.92,3.84
2013-02-05,3.95,3.98
2013-02-07,3.88,3.89
2013-02-08,3.94,4.01
2013-02-11,4.02,4
2013-02-12,4,4
2013-02-13,4.09,4.04
2013-02-14,4,4.06
2013-02-15,4,3.94
2013-02-19,4.05,4.02
2013-02-20,3.99,4
2013-02-21,3.86,3.88
2013-02-22,3.85,3.85
2013-02-25,3.92,3.75
2013-02-26,3.81,3.79
2013-02-27,3.96,4.01
2013-02-28,3.96,4.03
2013-03-01,3.82,4.03
2013-03-04,4.17,4.18
2013-03-05,4.26,4.33
2013-03-06,4.4,4.28
2013-03-07,4.23,4.24
2013-03-08,4.23,4.34
2013-03-11,4.37,4.34
2013-03-12,4.41,4.35
2013-03-13,4.4,4.4
2013-03-14,4.44,4.35
2013-03-15,4.23,4.2
2013-03-18,4.16,4.22
2013-03-19,4.16,4.02
2013-03-20,4.17,4.24
2013-03-21,4.2,4.17
2013-03-22,4.26,4.27
2013-03-25,4.33,4.35
2013-03-26,4.38,4.37
2013-03-27,4.34,4.4
2013-03-28,4.38,4.43
2013-04-01,4.44,4.38
2013-04-02,4.46,4.48
2013-04-03,4.52,4.38
2013-04-04,4.33,4.46
2013-04-05,4.29,4.37
2013-04-08,4.49,4.58
2013-04-09,4.56,4.58
2013-04-10,4.63,4.65
2013-04-11,4.74,4.78
2013-04-12,4.78,4.89
2013-04-15,4.8,4.69
2013-04-16,4.75,4.74
2013-04-17,4.61,4.62
2013-04-18,4.53,4.48
2013-04-19,4.43,4.63
2013-04-22,4.63,4.64
2013-04-23,4.8,4.78
2013-04-24,4.85,4.81
2013-04-25,4.91,4.95
2013-04-26,4.95,4.86
2013-04-29,5.08,4.82
2013-04-30,4.84,4.86
2013-05-01,4.84,4.73
2013-05-02,4.88,4.85
2013-05-03,4.9,5.04
2013-05-06,5.04,5.08
2013-05-07,5.18,5.17
2013-05-08,5.25,5.21
2013-05-09,5.25,5.2
2013-05-10,5.3,5.35
2013-05-13,5.39,5.38
2013-05-14,5.3,5.56
2013-05-15,5.6,5.6
2013-05-16,5.68,5.46
2013-05-17,5.53,5.57
2013-05-20,5.6,5.49
2013-05-21,5.54,5.64
2013-05-22,5.65,5.47
2013-05-23,5.25,5.44
2013-05-24,5.37,5.44
2013-05-28,5.6,5.54
2013-05-29,5.55,5.4
2013-05-30,5.46,5.4
2013-05-31,5.35,5.29
2013-06-03,5.29,5.33
2013-06-04,5.37,5.25
2013-06-05,5.24,5.09
2013-06-06,5.06,5.19
2013-06-07,5.44,5.41
2013-06-10,5.55,5.4
2013-06-11,5.32,5.32
2013-06-12,5.24,5.14
2013-06-13,5.15,5.35
2013-06-14,5.43,5.31
2013-06-17,5.45,5.35
2013-06-18,5.37,5.53
2013-06-19,5.53,5.33
2013-06-20,5.2,4.96
2013-06-21,5.1,5.01
2013-06-24,4.87,4.89
2013-06-25,4.93,5.04
2013-06-26,5.16,5.18
2013-06-27,5.32,5.28
2013-06-28,5.32,5.3
2013-07-01,5.42,5.4
2013-07-02,5.4,5.48
2013-07-03,5.43,5.49
2013-07-05,5.61,5.57
2013-07-08,5.7,5.87
2013-07-09,5.87,5.95
2013-07-10,5.95,5.99
2013-07-11,6.17,6.19
2013-07-12,6.25,6.27
2013-07-15,6.35,6.22
2013-07-16,6.2,6.16
2013-07-17,6.26,6.2
2013-07-18,6.25,6.23
2013-07-19,6.32,6.21
2013-07-22,6.27,6.28
2013-07-23,6.22,6.24
2013-07-24,6.24,6.1
2013-07-25,6.15,6.15
2013-07-26,6.18,6.21
2013-07-29,6.21,6.16
2013-07-30,6.16,6.14
2013-07-31,6.11,6.24
2013-08-01,6.36,6.39
2013-08-02,6.42,6.5
2013-08-05,6.43,6.51
2013-08-06,6.51,6.28
2013-08-07,6.2,6.13
2013-08-08,6.24,6.21
2013-08-09,6.2,6.16
2013-08-12,6.09,6.18
2013-08-13,6.2,6.2
2013-08-14,6.14,5.97
2013-08-15,5.79,5.58
2013-08-16,5.6,5.5
2013-08-19,5.52,5.47
2013-08-20,5.58,5.65
2013-08-21,5.58,5.61
2013-08-22,5.63,5.6
2013-08-23,5.59,5.58
2013-08-26,5.68,5.64
2013-08-27,5.43,5.34
2013-08-28,5.45,5.45
2013-08-29,5.48,5.48
2013-08-30,5.4,5.35
2013-09-03,5.2,5.39
2013-09-04,5.35,5.56
2013-09-05,5.69,5.59
2013-09-06,5.74,5.58
2013-09-09,5.67,5.75
2013-09-10,5.82,5.81
2013-09-11,5.92,5.92
2013-09-12,5.91,5.87
2013-09-13,5.9,5.88
2013-09-16,6.3,5.96
2013-09-17,5.94,6.18
2013-09-18,6.07,6.42
2013-09-19,6.5,6.45
2013-09-20,6.5,6.3
2013-09-23,6.3,6.18
2013-09-24,6.15,6.23
2013-09-25,6.12,6.1
2013-09-26,6.22,6.19
2013-09-27,6.08,6.17
2013-09-30,5.96,6.1
2013-10-01,6.06,6.19
2013-10-02,6.15,6.31
2013-10-03,6.31,6.13
2013-10-04,6.17,6.19
2013-10-07,6.12,5.94
2013-10-08,5.93,5.69
2013-10-09,5.68,5.68
2013-10-10,5.87,5.96
2013-10-11,5.94,6.05
2013-10-14,6.01,6.12
2013-10-15,6.16,6.01
2013-10-16,6.03,6.18
2013-10-17,6.16,6.37
2013-10-18,6.47,6.44
2013-10-21,6.5,6.43
2013-10-22,6.6,6.63
2013-10-23,6.6,6.56
2013-10-24,6.6,6.73
2013-10-25,6.8,6.93
2013-10-28,7,6.91
2013-10-29,7.04,7.15
2013-10-30,7.18,7.18
2013-10-31,7.14,7.18
2013-11-01,7.2,7.09
2013-11-04,7.27,7.16
2013-11-05,7.17,7.24
2013-11-06,7.38,7.16
2013-11-07,7.2,6.81
2013-11-08,6.82,6.96
2013-11-11,6.95,7.26
2013-11-12,7.3,7.17
2013-11-13,7.1,7.5
2013-11-14,7.5,7.78
2013-11-15,7.77,7.86
2013-11-18,8,7.67
2013-11-19,7.7,7.62
2013-11-20,7.64,7.44
2013-11-21,7.44,7.61
2013-11-22,7.65,7.64
2013-11-25,7.64,7.72
2013-11-26,7.79,7.84
2013-11-27,7.84,7.95
2013-11-29,8,8
2013-12-02,8.03,7.84
2013-12-03,7.73,7.68
2013-12-04,7.69,7.57
2013-12-05,7.54,7.47
2013-12-06,7.59,7.59
2013-12-09,7.58,7.54
2013-12-10,7.53,7.53
2013-12-11,7.54,7.4
2013-12-12,7.36,7.32
2013-12-13,7.36,7.38
2013-12-16,7.49,7.41
2013-12-17,7.41,7.37
2013-12-18,7.4,7.68
2013-12-19,7.62,7.63
2013-12-20,7.73,7.67
2013-12-23,7.69,7.79
2013-12-24,7.85,7.77
2013-12-26,7.72,7.96
2013-12-27,7.96,7.82
2013-12-30,7.8,7.85
2013-12-31,7.96,7.86
2014-01-02,7.87,7.91
2014-01-03,7.98,7.89
2014-01-06,7.92,7.69
2014-01-07,7.75,7.74
2014-01-08,7.6,7.72
2014-01-09,7.75,7.72
2014-01-10,7.76,7.74
2014-01-13,7.71,7.32
2014-01-14,7.39,7.43
2014-01-15,7.49,7.36
2014-01-16,7.28,7.12
2014-01-17,7.06,7.04
2014-01-21,7.1,6.97
2014-01-22,6.99,6.92
2014-01-23,6.8,6.87
2014-01-24,6.78,6.58
2014-01-27,6.58,6.5
2014-01-28,6.59,6.64
2014-01-29,6.5,6.31
2014-01-30,6.39,6.6
2014-01-31,6.3,6.14
2014-02-03,6.11,5.64
2014-02-04,5.75,5.69
2014-02-05,5.62,5.8
2014-02-06,5.9,6.15
2014-02-07,6.26,6.3
2014-02-10,6.35,6.31
2014-02-11,6.36,6.5
2014-02-12,6.53,6.37
2014-02-13,6.26,6.51
2014-02-14,6.48,6.57
2014-02-18,6.44,6.52
2014-02-19,6.4,6.38
2014-02-20,6.3,6.4
2014-02-21,6.4,6.35
2014-02-24,6.43,6.5
2014-02-25,6.54,6.72
2014-02-26,6.9,7.09
2014-02-27,6.95,7.08
2014-02-28,7.13,7.19
2014-03-03,6.97,7.01
2014-03-04,7.27,7.24
2014-03-05,7.24,7.24
2014-03-06,7.25,7.17
2014-03-07,7.21,7.19
2014-03-10,7.12,7.17
2014-03-11,7.3,7.17
2014-03-12,7.1,7.18
2014-03-13,7.32,6.96
2014-03-14,7.05,7.03
2014-03-17,7.17,7.13
2014-03-18,7.15,7.15
2014-03-19,7.15,7.02
2014-03-20,6.98,7.05
2014-03-21,7.15,7.18
2014-03-24,7.24,6.83
2014-03-25,6.9,6.75
2014-03-26,6.81,6.62
2014-03-27,6.5,6.49
2014-03-28,6.53,6.58
2014-03-31,6.47,6.64
2014-04-01,6.64,6.84
2014-04-02,6.9,6.95
2014-04-03,6.95,6.74
2014-04-04,6.8,6.59
2014-04-07,6.5,6.26
2014-04-08,6.22,6.44
2014-04-09,6.44,6.58
2014-04-10,6.5,6.11
2014-04-11,6,5.86
2014-04-14,5.89,5.93
2014-04-15,5.99,5.83
2014-04-16,6.08,6.11
2014-04-17,6.2,6.19
2014-04-21,6.08,6.28
2014-04-22,6.44,6.5
2014-04-23,6.4,6.33
2014-04-24,6.38,6.43
2014-04-25,6.3,6.11
2014-04-28,6.25,6.24
2014-04-29,6.11,6.23
2014-04-30,6.19,6.19
2014-05-01,6.25,6.27
2014-05-02,6.39,6.36
2014-05-05,6.25,6.21
2014-05-06,6.13,5.86
2014-05-07,5.81,5.78
2014-05-08,5.68,5.9
2014-05-09,5.86,5.98
2014-05-12,6.17,6.29
2014-05-13,6.32,6.2
2014-05-14,6.18,6.02
2014-05-15,5.78,5.82
2014-05-16,5.88,6
2014-05-19,5.98,6.03
2014-05-20,5.9,5.8
2014-05-21,5.83,5.79
2014-05-22,5.98,5.95
2014-05-23,6,6.04
2014-05-27,6.25,6.09
2014-05-28,5.94,6.02
2014-05-29,6.02,6.02
2014-05-30,6.13,6.16
2014-06-02,6.11,6.19
2014-06-03,6.17,6.17
2014-06-04,6.25,6.29
2014-06-05,6.3,6.48
2014-06-06,6.57,6.62
2014-06-09,6.82,6.6
2014-06-10,6.73,6.58
2014-06-11,6.56,6.52
2014-06-12,6.41,6.24
2014-06-13,6.24,6.19
2014-06-16,6.15,6.31
2014-06-17,6.39,6.4
2014-06-18,6.42,6.5
2014-06-19,6.54,6.48
2014-06-20,6.45,6.38
2014-06-23,6.43,6.47
2014-06-24,6.57,6.52
2014-06-25,6.41,6.46
2014-06-26,6.41,6.35
2014-06-27,6.31,6.4
2014-06-30,6.46,6.48
2014-07-01,6.44,6.67
2014-07-02,6.8,6.67
2014-07-03,6.8,6.88
2014-07-07,6.83,6.77
2014-07-08,6.72,6.63
2014-07-09,6.75,6.75
2014-07-10,6.44,6.55
2014-07-11,6.57,6.7
2014-07-14,6.8,6.75
2014-07-15,6.73,6.75
2014-07-16,6.75,6.73
2014-07-17,6.6,6.57
2014-07-18,6.54,6.75
2014-07-21,6.63,6.65
2014-07-22,6.72,6.71
2014-07-23,6.66,6.7
2014-07-24,6.72,6.86
2014-07-25,6.61,6.37
2014-07-28,6.35,6.39
2014-07-29,6.44,6.39
2014-07-30,6.38,6.49
2014-07-31,6.33,6.2
2014-08-01,6.09,6.11
2014-08-04,6.17,6.26
2014-08-05,6.14,6.16
2014-08-06,6.31,6.27
2014-08-07,6.25,6.25
2014-08-08,6.42,6.56
2014-08-11,6.63,6.61
2014-08-12,6.51,6.58
2014-08-13,6.46,6.5
2014-08-14,6.48,6.69
2014-08-15,6.75,6.51
2014-08-18,6.79,6.85
2014-08-19,7.04,7.24
2014-08-20,7.3,7.45
2014-08-21,7.54,7.47
2014-08-22,7.56,7.57
2014-08-25,7.76,7.62
2014-08-26,7.58,7.73
2014-08-27,7.67,7.74
2014-08-28,7.65,7.73
2014-08-29,7.68,7.72
2014-09-02,7.75,7.72
2014-09-03,7.84,7.7
2014-09-04,7.85,7.91
2014-09-05,7.72,8.01
2014-09-08,8.06,7.87
2014-09-09,7.76,7.6
2014-09-10,7.7,7.65
2014-09-11,7.6,7.62
2014-09-12,7.66,7.61
2014-09-15,7.56,7.5
2014-09-16,7.42,7.78
2014-09-17,7.8,7.73
2014-09-18,7.87,7.8
2014-09-19,7.88,7.94
2014-09-22,7.74,7.51
2014-09-23,7.48,7.43
2014-09-24,7.41,7.72
2014-09-25,7.67,7.46
2014-09-26,7.53,7.59
2014-09-29,7.41,7.43
2014-09-30,7.43,7.47
2014-10-01,7.31,7.24
2014-10-02,7.27,7.35
2014-10-03,7.6,7.67
2014-10-06,7.76,7.61
2014-10-07,7.41,7.33
2014-10-08,7.45,7.65
2014-10-09,7.65,7.37
2014-10-10,7.45,7.25
2014-10-13,7.23,7.1
2014-10-14,6.96,7
2014-10-15,6.8,6.45
2014-10-16,6.4,6.5
2014-10-17,6.64,6.71
2014-10-20,6.55,7.01
2014-10-21,7.08,7.45
2014-10-22,7.53,7.43
2014-10-23,7.59,7.56
2014-10-24,7.29,7.37
2014-10-27,7.36,7.45
2014-10-28,7.44,7.5
2014-10-29,7.56,7.46
2014-10-30,7.56,7.68
2014-10-31,7.92,7.83
2014-11-03,7.93,7.84
2014-11-04,7.75,7.82
2014-11-05,7.95,7.81
2014-11-06,7.85,8.04
2014-11-07,8,8.15
2014-11-10,8.14,8.33
2014-11-11,8.38,8.31
2014-11-12,8.28,8.55
2014-11-13,8.59,8.78
2014-11-14,8.76,8.89
2014-11-17,8.93,8.77
2014-11-18,8.7,8.74
2014-11-19,8.65,9.09
2014-11-20,9.18,9.31
2014-11-21,9.59,9.4
2014-11-24,9.63,9.55
2014-11-25,9.75,9.46
2014-11-26,9.54,9.46
2014-11-28,9.59,9.93
2014-12-01,10.02,9.51
2014-12-02,9.6,9.59
2014-12-03,9.84,9.57
2014-12-04,9.51,9.56
2014-12-05,9.66,9.47
2014-12-08,9.51,9.39
2014-12-09,9.2,9.47
2014-12-10,9.46,9.12
2014-12-11,9.4,9.48
2014-12-12,9.31,9.34
2014-12-15,9.58,9.49
2014-12-16,9.42,8.9
2014-12-17,9.02,9.42
2014-12-18,9.65,9.8
2014-12-19,9.98,9.81
2014-12-22,9.9,10.13
2014-12-23,10.15,10.3
2014-12-24,10.5,10.18
2014-12-26,10.19,10.31
2014-12-29,10.44,10.51
2014-12-30,10.46,10.48
2014-12-31,10.6,10.44
2015-01-02,10.45,10.22
2015-01-05,10,9.74
2015-01-06,9.78,9.66
2015-01-07,9.9,10.32
2015-01-08,10.63,10.75
2015-01-09,10.65,10.26
2015-01-12,10.26,10.17
2015-01-13,10.41,9.94
2015-01-14,9.6,9.62
2015-01-15,9.66,9.36
2015-01-16,9.25,9.6
2015-01-20,9.6,9.45
2015-01-21,9.38,9.77
2015-01-22,9.9,10.45
2015-01-23,10.55,10.63
2015-01-26,10.85,10.7
2015-01-27,10.55,10.55
2015-01-28,10.8,10.22
2015-01-29,10.21,10.57
2015-01-30,10.7,10.52
2015-02-02,10.49,10.77
2015-02-03,10.97,11.51
2015-02-04,11.38,11.64
2015-02-05,11.9,11.98
2015-02-06,12.15,11.88
2015-02-09,11.6,11.65
2015-02-10,12.09,12.05
2015-02-11,12.2,12.1
2015-02-12,12.2,12.24
2015-02-13,12.44,12.35
2015-02-17,12.34,12.25
2015-02-18,12.2,12.27
2015-02-19,12.31,12.07
2015-02-20,12.11,12.42
2015-02-23,12.73,12.41
2015-02-24,12.71,12.66
2015-02-25,12.87,12.79
2015-02-26,12.9,12.68
2015-02-27,12.75,12.68
2015-03-02,12.73,12.99
2015-03-03,13.16,12.82
2015-03-04,12.71,12.51
2015-03-05,12.5,12.81
2015-03-06,12.93,12.26
2015-03-09,12.23,12.48
2015-03-10,12.2,12.15
2015-03-11,12.33,11.92
2015-03-12,12.3,12.7
2015-03-13,12.75,12.49
2015-03-16,12.41,12.83
2015-03-17,12.93,12.75
2015-03-18,12.88,12.78
2015-03-19,12.79,12.82
2015-03-20,13.07,13.27
2015-03-23,13.49,13.2
2015-03-24,13.16,13.25
2015-03-25,13.18,12.6
2015-03-26,12.35,12.36
2015-03-27,12.51,12.53
2015-03-30,12.75,12.96
2015-03-31,12.75,12.89
2015-04-01,12.72,12.52
2015-04-02,12.5,12.83
2015-04-06,12.63,13.01
2015-04-07,13.15,12.75
2015-04-08,12.92,13.17
2015-04-09,13.18,13.03
2015-04-10,12.83,13.17
2015-04-13,13.19,12.95
2015-04-14,13.03,12.92
2015-04-15,13.2,12.71
2015-04-16,12.7,12.86
2015-04-17,12.77,12.19
2015-04-20,12.27,12.67
2015-04-21,12.76,12.75
2015-04-22,12.88,12.73
2015-04-23,12.7,12.96
2015-04-24,13.37,13.74
2015-04-27,13.9,13.2
2015-04-28,13.17,12.98
2015-04-29,12.85,12.43
2015-04-30,12.48,12.04
2015-05-01,12.12,12.6
2015-05-04,12.64,12.72
2015-05-05,12.72,12.36
2015-05-06,12.12,12.32
2015-05-07,12.27,12.72
2015-05-08,12.96,13.12
2015-05-11,13.2,13.04
2015-05-12,12.83,13.12
2015-05-13,13.08,12.65
2015-05-14,12.8,12.53
2015-05-15,12.57,12.9
2015-05-18,12.97,13.13
2015-05-19,13.2,12.76
2015-05-20,12.93,12.56
2015-05-21,12.6,12.79
2015-05-22,12.59,12.6
2015-05-26,12.76,12.32
2015-05-27,12.32,12.62
2015-05-28,12.5,12.56
2015-05-29,12.6,12.32
2015-06-01,12.32,12.34
2015-06-02,12.2,12.42
2015-06-03,12.56,12.85
2015-06-04,12.8,12.56
2015-06-05,12.57,12.34
2015-06-08,12.18,12.01
2015-06-09,12,12.06
2015-06-10,12.02,12.44
2015-06-11,12.54,12.45
2015-06-12,12.5,12.4
2015-06-15,12.3,12.16
2015-06-16,12.06,12.29
2015-06-17,12.17,12.49
2015-06-18,12.6,12.88
2015-06-19,12.88,12.89
2015-06-22,13,12.92
2015-06-23,12.96,13.12
2015-06-24,13,12.94
2015-06-25,12.9,12.79
2015-06-26,12.69,12.79
2015-06-29,12.6,12.14
2015-06-30,12.28,12.18
2015-07-01,12.29,12.5
2015-07-02,12.49,12.34
2015-07-06,12.02,12.41
2015-07-07,12.6,12.8
2015-07-08,12.64,12.31
2015-07-09,12.74,12.44
2015-07-10,12.64,12.9
2015-07-13,13.12,13.53
2015-07-14,13.6,13.66
2015-07-15,13.53,13.58
2015-07-16,13.77,14.2
2015-07-17,14.4,14.01
2015-07-20,14.29,14
2015-07-21,13.94,13.86
2015-07-22,13.6,14.06
2015-07-23,14.2,13.7
2015-07-24,13.97,14.04
2015-07-27,13.92,13.88
2015-07-28,14,14.01
2015-07-29,14.2,14.44
2015-07-30,14.44,14.56
2015-07-31,14.8,14.76
2015-08-03,15.04,14.53
2015-08-04,14.7,14.76
2015-08-05,15.4,15.27
2015-08-06,15.46,14.68
2015-08-07,14.5,14.39
2015-08-10,14.48,14.7
2015-08-11,14.6,14.76
2015-08-12,14.47,14.54
2015-08-13,14.76,14.91
2015-08-14,15.02,15.12
2015-08-17,15.04,15.2
2015-08-18,15.28,15.38
2015-08-19,15.5,15.26
2015-08-20,15.02,14.42
2015-08-21,14.27,12.88
2015-08-24,10.9,11.4
2015-08-25,12.4,11.66
2015-08-26,11.89,12.46
2015-08-27,12.7,13.23
2015-08-28,13.16,13
2015-08-31,12.92,12.99
2015-09-01,12,11.88
2015-09-02,12.28,12.54
2015-09-03,12.72,12.52
2015-09-04,12.2,12.16
2015-09-08,12.65,12.96
2015-09-09,13.35,12.62
2015-09-10,12.36,12.6
2015-09-11,12.58,12.85
2015-09-14,12.69,12.58
2015-09-15,12.6,12.86
2015-09-16,12.69,13.28
2015-09-17,13.44,13.34
2015-09-18,13,12.88
2015-09-21,13.17,13.1
2015-09-22,12.8,12.82
2015-09-23,12.76,12.85
2015-09-24,12.85,12.71
2015-09-25,13.2,12.82
2015-09-28,12.44,11.85
2015-09-29,11.69,11.58
2015-09-30,12.06,12.32
2015-10-01,12.54,12.63
2015-10-02,12.23,12.95
2015-10-05,13.34,13.58
2015-10-06,13.57,13.14
2015-10-07,13.66,13.29
2015-10-08,13.44,13.64
2015-10-09,13.79,13.75
2015-10-12,14.03,14.03
2015-10-13,13.85,13.67
2015-10-14,13.72,12.81
2015-10-15,13.04,13.09
2015-10-16,13.15,13.37
2015-10-19,13.2,13.49
2015-10-20,13.43,13.27
2015-10-21,13.36,13.2
2015-10-22,13.21,13.54
2015-10-23,14.49,13.65
2015-10-26,13.73,14.12
2015-10-27,14.25,13.95
2015-10-28,14.08,14.37
2015-10-29,14.37,14.56
2015-10-30,14.57,14.67
2015-11-02,14.8,14.79
2015-11-03,14.8,15.01
2015-11-04,15.08,15.15
2015-11-05,15.39,15.53
2015-11-06,15.6,15.42
2015-11-09,15.48,14.8
2015-11-10,14.6,15.17
2015-11-11,15.2,14.74
2015-11-12,14.5,14.31
2015-11-13,13.98,12.72
2015-11-16,12.57,13.38
2015-11-17,13.99,13.89
2015-11-18,14.14,14.51
2015-11-19,14.54,14.48
2015-11-20,14.78,15.17
2015-11-23,15.23,15.67
2015-11-24,15.42,15.69
2015-11-25,15.7,15.96
2015-11-27,16.19,15.96
2015-11-30,15.98,15.39
2015-12-01,15.6,15.7
2015-12-02,15.64,15.54
2015-12-03,15.64,15.17
2015-12-04,15.21,16
2015-12-07,16,15.75
2015-12-08,15.34,16.01
2015-12-09,15.9,15.28
2015-12-10,15.26,15.36
2015-12-11,14.85,14.44
2015-12-14,14.48,15
2015-12-15,15.56,14.89
2015-12-16,15.2,15.6
2015-12-17,15.8,14.94
2015-12-18,14.75,14.37
2015-12-21,14.52,14.47
2015-12-22,14.62,14.82
2015-12-23,15.16,15.1
2015-12-24,15.14,15
2015-12-28,14.95,15.11
2015-12-29,15.32,15.78
2015-12-30,15.78,15.56
2015-12-31,15.62,15.06
2016-01-04,14.3,14.21
2016-01-05,14.41,14.36
2016-01-06,13.8,14.11
2016-01-07,13.42,13.43
2016-01-08,13.8,12.72
2016-01-11,12.9,13.3
2016-01-12,13.72,13.58
2016-01-13,13.72,11.98
2016-01-14,11.89,12.02
2016-01-15,11.03,11.4
2016-01-19,11.44,11.65
2016-01-20,11.32,11.22
2016-01-21,11.33,11.6
2016-01-22,12.12,12.3
2016-01-25,12.21,12.08
2016-01-26,12.22,12.4
2016-01-27,12.32,11.92
2016-01-28,12.3,12.72
2016-01-29,12.2,12.72
2016-02-01,12.43,12.9
2016-02-02,12.53,12.28
2016-02-03,12.38,11.54
2016-02-04,11.2,11.21
2016-02-05,11,10.15
2016-02-08,9.66,9.64
2016-02-09,9.4,9.71
2016-02-10,10,9.81
2016-02-11,9.74,9.88
2016-02-12,10.1,10.28
2016-02-16,10.63,10.98
2016-02-17,11.28,11.54
2016-02-18,11.6,11.14
2016-02-19,10.81,11.28
2016-02-22,11.59,12
2016-02-23,12.12,12
2016-02-24,11.72,12.42
2016-02-25,12.54,12.78
2016-02-26,12.94,12.6
2016-02-29,12.62,12.28
2016-03-01,12.46,13.07
2016-03-02,13.05,13.13
2016-03-03,13.06,13.17
2016-03-04,13.2,13.24
2016-03-07,13.14,12.97
2016-03-08,12.84,13.04
2016-03-09,13.28,13.09
2016-03-10,13.18,13.24
2016-03-11,13.54,13.75
2016-03-14,13.74,13.92
2016-03-15,13.76,13.94
2016-03-16,13.74,14.03
2016-03-17,14,13.86
2016-03-18,13.89,13.87
2016-03-21,13.89,13.88
2016-03-22,13.8,13.86
2016-03-23,13.9,13.96
2016-03-24,13.72,14.09
2016-03-28,14.1,14.32
2016-03-29,14.28,14.83
2016-03-30,15.07,15.1
2016-03-31,15.08,14.94
2016-04-01,14.7,15.27
2016-04-04,15.32,14.94
2016-04-05,14.71,14.56
2016-04-06,14.7,14.98
2016-04-07,14.8,14.28
2016-04-08,14.54,14.15
2016-04-11,14.2,14
2016-04-12,13.99,14.45
2016-04-13,14.6,14.9
2016-04-14,14.99,14.96
2016-04-15,15,15.26
2016-04-18,15.2,15.61
2016-04-19,15.6,15.14
2016-04-20,15.31,15.2
2016-04-21,15.35,14.86
2016-04-22,14.92,14.74
2016-04-25,14.69,14.74
2016-04-26,14.86,14.83
2016-04-27,14.76,14.84
2016-04-28,14.73,14.22
2016-04-29,14.93,14.78
2016-05-02,14.8,15.57
2016-05-03,15.2,15.13
2016-05-04,14.77,15.19
2016-05-05,15.4,14.45
2016-05-06,14.4,14.9
2016-05-09,15.07,15.28
2016-05-10,15.62,15.75
2016-05-11,15.54,14.73
2016-05-12,14.91,14.83
2016-05-13,14.67,14.13
2016-05-16,14.16,14.64
2016-05-17,14.5,13.86
2016-05-18,13.46,13.55
2016-05-19,13.76,14.12
2016-05-20,14.39,14.37
2016-05-23,14.41,14.07
2016-05-24,14.19,14.63
2016-05-25,14.81,14.92
2016-05-26,15.2,15.38
2016-05-27,15.46,15.5
2016-05-31,15.53,15.62
2016-06-01,15.54,15.54
2016-06-02,15.56,15.88
2016-06-03,15.81,15.77
2016-06-06,15.72,15.54
2016-06-07,15.65,15.6
2016-06-08,15.6,15.65
2016-06-09,15.49,15.54
2016-06-10,15.2,15.13
2016-06-13,15.13,14.81
2016-06-14,14.72,14.68
2016-06-15,14.86,14.87
2016-06-16,14.64,15.01
2016-06-17,14.82,14.76
2016-06-20,15.35,15.08
2016-06-21,15.09,15.14
2016-06-22,15.37,15
2016-06-23,15.36,15.28
2016-06-24,14,14.73
2016-06-27,14.3,14.12
2016-06-28,14.52,14.8
2016-06-29,15.25,15.26
2016-06-30,15.32,15.46
2016-07-01,15.55,15.88
2016-07-05,15.86,15.78
2016-07-06,15.53,16.29
2016-07-07,16.4,16.25
2016-07-08,16.75,17.17
2016-07-11,17.56,17.54
2016-07-12,17.7,17.36
2016-07-13,17.46,17.06
2016-07-14,17.33,17.26
2016-07-15,17.44,16.99
2016-07-18,16.94,17.42
2016-07-19,17.4,17.15
2016-07-20,17.4,17.44
2016-07-21,17.44,17.15
2016-07-22,17.39,17.37
2016-07-25,17.34,17.54
2016-07-26,17.68,17.67
2016-07-27,17.84,17.42
2016-07-28,17.58,18
2016-07-29,18.22,18.24
2016-08-01,18.38,18.44
2016-08-02,18.4,17.68
2016-08-03,17.4,17.66
2016-08-04,17.66,17.72
2016-08-05,18.12,18.1
2016-08-08,18.49,17.96
2016-08-09,18.26,17.78
2016-08-10,18.06,17.87
2016-08-11,18.28,18.43
2016-08-12,18.38,18.49
2016-08-15,18.64,18.55
2016-08-16,18.34,18.1
2016-08-17,17.92,17.75
2016-08-18,17.92,17.77
2016-08-19,17.82,17.87
2016-08-22,17.8,17.75
2016-08-23,17.99,17.94
2016-08-24,18.06,17.73
2016-08-25,17.71,17.31
2016-08-26,17.31,17.24
2016-08-29,17.31,17.41
2016-08-30,17.3,17.02
2016-08-31,16.94,17.09
2016-09-01,17.02,17.01
2016-09-02,17.29,17.18
2016-09-06,17.22,17.33
2016-09-07,17.24,17.14
2016-09-08,17.12,16.67
2016-09-09,16.32,15.41
2016-09-12,15.2,16.02
2016-09-13,16,15.38
2016-09-14,15.42,15.34
2016-09-15,15.47,15.82
2016-09-16,15.56,15.87
2016-09-19,16.08,15.81
2016-09-20,16.01,15.86
2016-09-21,15.84,16.22
2016-09-22,16.38,16.58
2016-09-23,16.58,16.57
2016-09-26,16.4,16.04
2016-09-27,16.05,16.65
2016-09-28,16.76,16.64
2016-09-29,16.61,16.49
2016-09-30,16.76,17.02
2016-10-03,16.74,17
2016-10-04,17.09,16.81
2016-10-05,16.92,17.02
2016-10-06,17.01,17.12
2016-10-07,17.2,16.93
2016-10-10,17.24,16.76
2016-10-11,16.77,16.25
2016-10-12,16.23,16.46
2016-10-13,16.3,16.39
2016-10-14,16.6,16.28
2016-10-17,16.11,15.79
2016-10-18,16.28,16.25
2016-10-19,16.43,16.33
2016-10-20,16.18,16.28
2016-10-21,16.13,16.43
2016-10-24,16.9,16.98
2016-10-25,16.98,16.5
2016-10-26,16.32,16.42
2016-10-27,16.03,15.85
2016-10-28,15.85,15.29
2016-10-31,15.25,15.49
2016-11-01,15.6,14.92
2016-11-02,14.86,14.75
2016-11-03,14.81,14.49
2016-11-04,14.44,14.2
2016-11-07,14.8,15.2
2016-11-08,15.2,15.22
2016-11-09,13.74,15.47
2016-11-10,15.75,15.53
2016-11-11,15.22,15.68
2016-11-14,16.04,15.34
2016-11-15,15.76,15.54
2016-11-16,15.66,15.9
2016-11-17,15.92,16.43
2016-11-18,16.54,16.38
2016-11-21,16.52,16.88
2016-11-22,17.16,17.8
2016-11-23,17.89,17.79
2016-11-25,18,17.88
2016-11-28,17.79,17.34
2016-11-29,17.48,17.2
2016-11-30,17.57,16.79
2016-12-01,16.76,16.67
2016-12-02,17.08,16.64
2016-12-05,16.76,17.24
2016-12-06,17.32,17.68
2016-12-07,17.96,18.63
2016-12-08,18.71,19.53
2016-12-09,19.96,19.18
2016-12-12,19.18,18.22
2016-12-13,18.41,18.29
2016-12-14,18.28,17.66
2016-12-15,17.72,17.72
2016-12-16,17.63,17.09
2016-12-19,17.17,17.2
2016-12-20,17.08,17.6
2016-12-21,17.48,17.13
2016-12-22,16.8,15.34
2016-12-23,15.36,15.14
2016-12-27,15.14,15.55
2016-12-28,15.7,15
2016-12-29,15.01,14.91
2016-12-30,14.97,14.61
2017-01-03,15.09,14.88
2017-01-04,15.1,15.72
2017-01-05,15,14.58
2017-01-06,14.58,14.24
2017-01-09,14.35,14.34
2017-01-10,14.27,14.91
2017-01-11,14.92,14.62
2017-01-12,14.52,14.48
2017-01-13,14.48,14.58
2017-01-17,14.73,14.86
2017-01-18,14.67,14.75
2017-01-19,14.54,13.99
2017-01-20,14.29,13.95
2017-01-23,13.82,13.66
2017-01-24,13.91,14.18
2017-01-25,14.22,14.36
2017-01-26,14.18,13.79
2017-01-27,13.76,13.23
2017-01-30,13,13.23
2017-01-31,13.04,13.72
2017-02-01,13.8,13.2
2017-02-02,13.22,13.26
2017-02-03,13.18,13.48
2017-02-06,13.48,13.12
2017-02-07,13.23,12.88
2017-02-08,12.86,13.44
2017-02-09,13.55,14.14
2017-02-10,14.26,14.4
2017-02-13,14.5,13.92
2017-02-14,14.24,14.27
2017-02-15,14.16,14.65
2017-02-16,14.54,13.8
2017-02-17,13.61,14.12
2017-02-21,14.4,14.64
2017-02-22,14.58,14.57
2017-02-23,14.37,13.51
2017-02-24,13.25,13.97
2017-02-27,13.97,14.37
2017-02-28,14.12,13.38
2017-03-01,13.99,13.33
2017-03-02,13.3,13.54
2017-03-03,13.55,13.03
2017-03-06,12.92,12.77
2017-03-07,12.81,12.32
2017-03-08,12.44,12.66
2017-03-09,12.69,12.29
2017-03-10,12.43,12.48
2017-03-13,12.66,12.27
2017-03-14,12.18,12.32
2017-03-15,12.43,12.62
2017-03-16,12.69,12.8
2017-03-17,12.81,12.98
2017-03-20,12.6,12.3
2017-03-21,12.24,11.59
2017-03-22,11.4,11.47
2017-03-23,11.59,11.74
2017-03-24,11.65,11.65
2017-03-27,11.42,11.67
2017-03-28,11.78,12.18
2017-03-29,12.18,12.83
2017-03-30,12.8,12.9
2017-03-31,12.79,12.66
2017-04-03,12.47,12.1
2017-04-04,11.8,11.72
2017-04-05,11.84,11.38
2017-04-06,11.44,12.06
2017-04-07,11.99,11.96
2017-04-10,11.96,12.46
2017-04-11,12.46,12.69
2017-04-12,12.51,12.6
2017-04-13,12.56,12.11
2017-04-17,12.15,12.22
2017-04-18,12.25,12.42
2017-04-19,12.68,12.68
2017-04-20,12.78,13.32
2017-04-21,13.44,13.11
2017-04-24,13.5,13.29
2017-04-25,13.31,13.34
2017-04-26,13.44,13.66
2017-04-27,13.68,13.58
2017-04-28,13.6,13.14
2017-05-01,13.14,13.1
2017-05-02,13.23,13.4
2017-05-03,13.45,13.2
2017-05-04,13.34,12.94
2017-05-05,13.07,13.44
2017-05-08,13.28,13.41
2017-05-09,13.56,13.8
2017-05-10,13.86,14.17
2017-05-11,13.91,13.06
2017-05-12,12.91,12.37
2017-05-15,12.28,12.3
2017-05-16,12.05,11.98
2017-05-17,11.74,11.33
2017-05-18,11.28,11.37
2017-05-19,11.3,11.29
2017-05-22,11.27,11.53
2017-05-23,11.63,11
2017-05-24,10.96,10.9
2017-05-25,11.19,11.22
2017-05-26,11.22,11.14
2017-05-30,11.16,11.14
2017-05-31,11.25,11.04
2017-06-01,11.07,11.69
2017-06-02,11.87,11.48
2017-06-05,11.44,11.44
2017-06-06,11.21,10.79
2017-06-07,10.86,10.86
2017-06-08,11.06,10.82
2017-06-09,10.87,11.18
2017-06-12,11.18,11.44
2017-06-13,11.44,11.35
2017-06-14,11.38,11.19
2017-06-15,11.1,10.91
2017-06-16,10.66,10.51
2017-06-19,10.6,10.62
2017-06-20,10.44,10.02
2017-06-21,10,9.63
2017-06-22,9.66,9.8
2017-06-23,10,10.05
2017-06-26,10.18,10.68
2017-06-27,10.73,10.72
2017-06-28,10.96,11
2017-06-29,10.87,10.92
2017-06-30,11.08,11.12
2017-07-03,11.16,11.36
2017-07-05,11.08,10.73
2017-07-06,10.87,10.07
2017-07-07,10.13,10.27
2017-07-10,9.96,9.59
2017-07-11,9.57,9.51
2017-07-12,9.56,9.66
2017-07-13,9.92,10.4
2017-07-14,10.51,10.36
2017-07-17,10.6,10.58
2017-07-18,10.54,10.47
2017-07-19,10.62,10.8
2017-07-20,11.11,10.88
2017-07-21,10.94,10.71
2017-07-24,10.78,10.19
2017-07-25,10.38,10.89
2017-07-26,10.85,11
2017-07-27,11,11.44
2017-07-28,11.34,11.36
2017-07-31,11.43,11.2
2017-08-01,11.06,11.4
2017-08-02,11.15,10.97
2017-08-03,11.04,10.91
2017-08-04,11.08,11.24
2017-08-07,11.45,11.36
2017-08-08,11.56,11.12
2017-08-09,10.78,10.8
2017-08-10,10.64,9.88
2017-08-11,10.04,10.08
2017-08-14,10.32,10.08
2017-08-15,9.84,9.26
2017-08-16,9.56,9.5
2017-08-17,9.46,9.03
2017-08-18,8.86,8.91
2017-08-21,8.79,8.75
2017-08-22,8.84,9.1
2017-08-23,9.12,9.04
2017-08-24,9.5,9.29
2017-08-25,9.64,9.76
2017-08-28,9.72,9.6
2017-08-29,9.2,9.35
2017-08-30,9.34,9.42
2017-08-31,9.61,9.55
2017-09-01,9.6,9.93
2017-09-05,9.8,9.89
2017-09-06,9.97,10.23
2017-09-07,10.4,10.47
2017-09-08,10.4,10.22
2017-09-11,10.41,10.45
2017-09-12,10.4,10.87
2017-09-13,11.12,11.26
2017-09-14,11.22,10.95
2017-09-15,11.06,11.23
2017-09-18,11.4,11.03
2017-09-19,11.12,10.73
2017-09-20,10.7,10.66
2017-09-21,10.66,10.54
2017-09-22,10.54,10.9
2017-09-25,11.11,11.2
2017-09-26,11.23,11.47
2017-09-27,11.67,11.83
2017-09-28,11.8,11.66
2017-09-29,11.86,11.7
2017-10-02,11.69,11.66
2017-10-03,11.76,11.76
2017-10-04,11.74,11.51
2017-10-05,11.59,11.78
2017-10-06,11.69,11.54
2017-10-09,11.54,10.92
2017-10-10,11.01,11.02
2017-10-11,11.16,10.56
2017-10-12,10.48,10.16
2017-10-13,10.31,10.23
2017-10-16,10.24,10.04
2017-10-17,10.12,10.22
2017-10-18,10.38,10.4
2017-10-19,10.32,10.3
2017-10-20,10.5,10.71
2017-10-23,10.87,10.79
2017-10-24,10.94,10.88
2017-10-25,10.87,10.66
2017-10-26,10.72,10.76
2017-10-27,10.68,10.26
2017-10-30,10.26,9.76
2017-10-31,9.78,9.8
2017-11-01,10.02,9.82
2017-11-02,9.96,10.17
2017-11-03,10,10.06
2017-11-06,10.22,10.08
2017-11-07,10.1,9.37
2017-11-08,9.39,9.42
2017-11-09,9.32,9.88
2017-11-10,9.99,10.24
2017-11-13,10.2,9.89
2017-11-14,9.95,9.94
2017-11-15,9.82,9.99
2017-11-16,10.34,10.57
2017-11-17,11.13,11.38
2017-11-20,11.6,11.74
2017-11-21,11.68,11.28
2017-11-22,11.27,11.39
2017-11-24,11.5,11.28
2017-11-27,11.26,11.3
2017-11-28,11.36,12.33
2017-11-29,12.44,13.25
2017-11-30,13.48,13.08
2017-12-01,12.93,12.84
2017-12-04,13.16,13.79
2017-12-05,14.2,13.4
2017-12-06,13.28,13.39
2017-12-07,13.28,13.66
2017-12-08,13.93,14.17
2017-12-11,14.17,14.06
2017-12-12,14.01,13.41
2017-12-13,13.42,13.83
2017-12-14,13.96,13
2017-12-15,13.2,13.64
2017-12-18,14.03,14.75
2017-12-19,15.14,14.44
2017-12-20,14.48,14.58
2017-12-21,14.86,14.67
2017-12-22,14.61,14.76
2017-12-26,14.79,15.35
2017-12-27,15.61,14.79
2017-12-28,14.79,14.75
2017-12-29,14.63,14.42
2018-01-02,14.65,15.22
2018-01-03,15.16,15.21
2018-01-04,15.24,14.9
2018-01-05,14.74,15.28
2018-01-08,15.38,15.51
2018-01-09,15.34,15.02
2018-01-10,14.68,15.28
2018-01-11,15.28,16.47
2018-01-12,16.78,17.07
2018-01-16,17.64,16
2018-01-17,15.96,16.42
2018-01-18,16.4,16.59
2018-01-19,16.8,17.54
2018-01-22,17.5,18.09
2018-01-23,18.16,18.1
2018-01-24,18.29,17.71
2018-01-25,17.9,17.52
2018-01-26,17.57,18.01
2018-01-29,17.53,17.94
2018-01-30,17.56,16.75
2018-01-31,16.96,16.29
2018-02-01,16.1,15.75
2018-02-02,15.6,14.49
2018-02-05,14,13.02
2018-02-06,12.12,14.19
2018-02-07,14.26,14.66
2018-02-08,14.72,13.32
2018-02-09,13.45,13.6
2018-02-12,13.84,13.58
2018-02-13,13.37,13.82
2018-02-14,13.4,14.6
2018-02-15,14.77,15.08
2018-02-16,14.82,15.06
2018-02-20,14.83,14.09
2018-02-21,14.06,14.15
2018-02-22,14.21,14.05
2018-02-23,14.21,14.69
2018-02-26,14.83,14.87
2018-02-27,15.16,13.95
2018-02-28,14.15,14.08
2018-03-01,13.83,13.64
2018-03-02,13.24,14.07
2018-03-05,13.9,14.31
2018-03-06,14.23,14.86
2018-03-07,14.44,14.28
2018-03-08,14.38,13.56
2018-03-09,13.77,14.13
2018-03-12,14.48,14.06
2018-03-13,14.17,13.93
2018-03-14,13.83,13.67
2018-03-15,13.88,13.42
2018-03-16,13.4,13.62
2018-03-19,13.84,13.33
2018-03-20,13.32,12.93
2018-03-21,13.07,12.96
2018-03-22,12.8,12.35
2018-03-23,12.42,11.98
2018-03-26,12.4,13.08
2018-03-27,12.91,12.33
2018-03-28,12.57,12.73
2018-03-29,12.86,13.07
2018-04-02,13.19,12.07
2018-04-03,12.28,12.5
2018-04-04,12.4,13.57
2018-04-05,13.56,13.83
2018-04-06,13.84,13.19
2018-04-09,13.4,12.88
2018-04-10,13.28,13.7
2018-04-11,13.54,13.58
2018-04-12,13.61,13.64
2018-04-13,13.62,13.1
2018-04-16,13.35,13.39
2018-04-17,13.28,13.69
2018-04-18,13.96,13.66
2018-04-19,13.5,13.16
2018-04-20,12.96,12.6
2018-04-23,12.83,12.86
2018-04-24,13.1,12.94
2018-04-25,12.7,13.16
2018-04-26,13.41,13.72
2018-04-27,13.79,14.15
2018-04-30,14.21,13.67
2018-05-01,13.57,13.55
2018-05-02,13.34,13.69
2018-05-03,13.97,13.27
2018-05-04,13.1,13.46
2018-05-07,13.52,13.28
2018-05-08,13.2,13.2
2018-05-09,13.4,13.62
2018-05-10,13.56,13.64
2018-05-11,13.71,13.91
2018-05-14,14.05,14.43
2018-05-15,14.28,14.51
2018-05-16,14.89,15.28
2018-05-17,15.33,15.3
2018-05-18,15.05,14.89
2018-05-21,14.9,15.04
2018-05-22,15.17,14.23
2018-05-23,14.14,14.6
2018-05-24,14.62,14.98
2018-05-25,14.8,14.93
2018-05-29,14.7,14.88
2018-05-30,14.88,15.45
2018-05-31,15.64,14.62
2018-06-01,14.53,14.85
2018-06-04,14.96,15.88
2018-06-05,15.88,16.72
2018-06-06,17.19,16.98
2018-06-07,17.2,17.32
2018-06-08,17.26,17.8
2018-06-11,18.02,18.38
2018-06-12,18.42,18.55
2018-06-13,18.74,17.88
2018-06-14,17.93,17.4
2018-06-15,17.05,17.64
2018-06-18,17.59,18.28
2018-06-19,18.19,18.46
2018-06-20,19.12,19.03
2018-06-21,19.02,19.1
2018-06-22,19.52,18.8
2018-06-25,18.7,17.99
2018-06-26,18.04,18.18
2018-06-27,18,17.38
2018-06-28,17.14,17.38
2018-06-29,17.57,16.8
2018-07-02,16.58,16.67
2018-07-03,16.96,17.01
2018-07-05,17.36,17.5
2018-07-06,17.52,18
2018-07-09,18.31,18.23
2018-07-10,18.72,17.89
2018-07-11,18.29,17.42
2018-07-12,17.52,17.17
2018-07-13,17.28,17.47
2018-07-16,17.82,17.56
2018-07-17,17.55,18.16
2018-07-18,18.24,18.34
2018-07-19,18.4,18.93
2018-07-20,19.03,18.26
2018-07-23,18.29,18.24
2018-07-24,18.54,17.4
2018-07-25,17.28,17.84
2018-07-26,18.28,18.3
2018-07-27,18.58,17.43
2018-07-30,17.41,17.62
2018-07-31,17.61,17.74
2018-08-01,17.87,17.1
2018-08-02,17.08,17.72
2018-08-03,17.91,18.07
2018-08-06,18.3,18.41
2018-08-07,18.59,18.85
2018-08-08,18.91,18.9
2018-08-09,19.1,19.16
2018-08-10,19.17,19.23
2018-08-13,19.36,18.91
2018-08-14,19.01,20.21
2018-08-15,19.79,18.66
2018-08-16,19.23,18.76
2018-08-17,18.78,19.34
2018-08-20,19.4,20.18
2018-08-21,20.46,20.64
2018-08-22,20.8,20.66
2018-08-23,20.66,20.77
2018-08-24,20.83,20.09
2018-08-27,20.27,19.63
2018-08-28,19.86,20.04
2018-08-29,20.11,19.9
2018-08-30,19.88,19.54
2018-08-31,19.44,20.21
2018-09-04,20.28,20.51
2018-09-05,20.33,19.92
2018-09-06,19.88,19.2
2018-09-07,19.2,19.36
2018-09-10,19.75,19.95
2018-09-11,19.89,20.34
2018-09-12,20.28,20.19
2018-09-13,20.3,19.71
2018-09-14,19.71,19.84
2018-09-17,19.61,19.19
2018-09-18,19.21,19.43
2018-09-19,19.7,19.46
2018-09-20,19.6,19.69
2018-09-21,19.95,19.56
2018-09-24,19.56,19.09
2018-09-25,19.16,18.98
2018-09-26,19,19.47
2018-09-27,19.48,19.29
2018-09-28,19.2,19.12
2018-10-01,19.34,18.68
2018-10-02,18.75,16.95
2018-10-03,17.14,17.03
2018-10-04,16.91,16.45
2018-10-05,16.45,16.11
2018-10-08,15.79,16.22
2018-10-09,16.29,16.14
2018-10-10,16.01,14.96
2018-10-11,14.67,14.53
2018-10-12,15.19,15.16
2018-10-15,15.48,15.31
2018-10-16,15.48,16.09
2018-10-17,16.08,15.45
2018-10-18,15.4,14.6
2018-10-19,14.67,13.99
2018-10-22,13.89,14.49
2018-10-23,13.94,14.59
2018-10-24,14.88,13.83
2018-10-25,14,14.59
2018-10-26,14.23,13.91
2018-10-29,14.32,14.13
2018-10-30,14,15.42
2018-10-31,16.13,14.76
2018-11-01,14.9,15.5
2018-11-02,15.41,15.86
2018-11-05,15.88,16.05
2018-11-06,16.2,16.16
2018-11-07,16.46,16.61
2018-11-08,16.6,17.16
2018-11-09,16.74,16.11
2018-11-12,16.12,15.66
2018-11-13,15.7,15.59
2018-11-14,16,14.95
2018-11-15,14.66,14.6
2018-11-16,13.96,14
2018-11-19,14.01,13.14
2018-11-20,11.87,11.8
2018-11-21,12.25,12.41
2018-11-23,12.4,12.52
2018-11-26,13.14,13.25
2018-11-27,13.1,13.36
2018-11-28,13.42,14.06
2018-11-29,14.1,13.79
2018-11-30,13.54,13.8
2018-12-03,14.4,14.31
2018-12-04,14.08,12.73
2018-12-06,12.16,12.52
2018-12-07,12.42,11.09
2018-12-10,11.27,11.24
2018-12-11,11.55,11.08
2018-12-12,11.4,11.36
2018-12-13,11.32,10.43
2018-12-14,10.29,10.1
2018-12-17,9.71,9.38
2018-12-18,9.59,9.55
2018-12-19,9.89,9.14
2018-12-20,9,8.62
2018-12-21,8.62,7.83
2018-12-24,7.62,7.77
2018-12-26,8.12,9.12
2018-12-27,8.78,8.94
2018-12-28,9.24,9.14
2018-12-31,9.4,9.27
2019-01-02,8.75,9.7
2019-01-03,9.62,9.3
2019-01-04,9.64,10.1
2019-01-07,10.25,11.08
2019-01-08,11.51,11.39
2019-01-09,11.47,11.67
2019-01-10,10.4,11.07
2019-01-11,10.92,11.24
2019-01-14,10.96,10.98
2019-01-15,11.02,11.09
2019-01-16,11.01,11.16
2019-01-17,10.95,11.41
2019-01-18,11.6,12.01
2019-01-22,11.92,11.12
2019-01-23,11.26,11.15
2019-01-24,11.08,11.27
2019-01-25,11.49,11.8
2019-01-28,11.72,11.72
2019-01-29,11.71,11.24
2019-01-30,11.36,11.36
2019-01-31,11.35,11.42
2019-02-01,11.3,11.14
2019-02-04,11.14,11.52
2019-02-05,11.69,11.84
2019-02-06,11.89,11.64
2019-02-07,11.37,11.42
2019-02-08,11.25,11.16
2019-02-11,11.25,11.35
2019-02-12,11.5,11.94
2019-02-13,11.99,11.95
2019-02-14,11.75,11.87
2019-02-15,11.99,12.3
2019-02-19,12.38,12.51
2019-02-20,12.6,12.55
2019-02-21,12.59,11.95
2019-02-22,11.92,12.1
2019-02-25,12.3,12.21
2019-02-26,12.34,12.46
2019-02-27,12.5,12.86
2019-02-28,12.82,12.71
2019-03-01,13.21,12.95
2019-03-04,13.14,12.2
2019-03-05,12.44,12.49
2019-03-06,12.6,12.22
2019-03-07,12.08,11.68
2019-03-08,11.46,11.4
2019-03-11,11.52,12.01
2019-03-12,12.14,12.09
2019-03-13,12.07,12.19
2019-03-14,12.08,11.64
2019-03-15,11.61,11.55
2019-03-18,11.58,11.77
2019-03-19,11.82,11.59
2019-03-20,11.52,11.31
2019-03-21,11.26,11.61
2019-03-22,11.52,10.7
2019-03-25,10.73,11.08
2019-03-26,11.4,11.31
2019-03-27,11.53,11.66
2019-03-28,11.96,11.8
2019-03-29,11.9,11.87
2019-04-01,11.98,12.13
2019-04-02,12.04,11.78
2019-04-03,11.88,11.96
2019-04-04,12.06,12.38
2019-04-05,12.55,12.36
2019-04-08,12.34,12.24
2019-04-09,12.03,11.82
2019-04-10,11.84,12.28
2019-04-11,12.28,12.08
2019-04-12,12.23,11.99
2019-04-15,12,12.01
2019-04-16,12.04,12.24
2019-04-17,12.28,12.27
2019-04-18,12.22,12.05
2019-04-22,11.96,11.33
2019-04-23,11.31,11.87
2019-04-24,12.04,12.48
2019-04-25,12.47,12.13
2019-04-26,11.94,12.39
2019-04-29,12.38,12.47
2019-04-30,12.52,12.33
2019-05-01,12.32,11.8
2019-05-02,11.72,12.04
2019-05-03,12.18,12.41
2019-05-06,11.9,12.16
2019-05-07,11.74,11.5
2019-05-08,11.48,11.57
2019-05-09,11.14,11.27
2019-05-10,11.1,11.04
2019-05-13,10.48,9.8
2019-05-14,9.87,10.18
2019-05-15,10.04,10.14
2019-05-16,10.32,10.12
2019-05-17,10.06,9.93
2019-05-20,9.83,9.83
2019-05-21,9.83,10.17
2019-05-22,10.04,9.6
2019-05-23,9.2,9.2
2019-05-24,9.2,9.24
2019-05-28,9.3,9.02
2019-05-29,8.89,8.43
2019-05-30,8.55,8.48
2019-05-31,8.24,8.14
2019-06-03,8.12,8.31
2019-06-04,8.48,9.04
2019-06-05,9.1,8.59
2019-06-06,8.7,8.5
2019-06-07,8.59,8.78
2019-06-10,8.96,8.96
2019-06-11,9.21,9.23
2019-06-12,9.23,9.11
2019-06-13,9.21,9.43
2019-06-14,9.57,9.4
2019-06-17,9.52,9.44
2019-06-18,9.6,9.55
2019-06-19,9.58,9.55
2019-06-20,9.76,9.67
2019-06-21,9.6,9.67
2019-06-24,9.54,9.19
2019-06-25,9.14,8.99
2019-06-26,9.13,9.12
2019-06-27,9.2,9.48
2019-06-28,9.5,9.62
2019-07-01,10,9.64
2019-07-02,9.7,9.44
2019-07-03,9.4,9.66
2019-07-05,9.59,10
2019-07-08,9.93,9.94
2019-07-09,9.77,9.73
2019-07-10,9.72,9.64
2019-07-11,9.58,9.65
2019-07-12,9.72,10.14
2019-07-15,10.19,9.99
2019-07-16,10.04,10.11
2019-07-17,9.9,9.74
2019-07-18,9.62,9.57
2019-07-19,9.59,9.64
2019-07-22,9.71,9.35
2019-07-23,9.49,9.51
2019-07-24,9.47,10.09
2019-07-25,10.2,9.76
2019-07-26,9.87,9.96
2019-07-29,10.06,10.01
2019-07-30,9.75,9.68
2019-07-31,9.8,9.72
2019-08-01,9.73,8.73
2019-08-02,8.63,8.58
2019-08-05,8.32,7.97
2019-08-06,8.14,8.33
2019-08-07,8.14,8.25
2019-08-08,8.4,8.64
2019-08-09,8.56,8.04
2019-08-12,7.94,7.61
2019-08-13,7.54,7.98
2019-08-14,7.47,6.96
2019-08-15,7.16,6.68
2019-08-16,6.84,7.07
2019-08-19,7.34,7.32
2019-08-20,7.26,7.1
2019-08-21,7.53,7.52
2019-08-22,7.68,7.9
2019-08-23,7.59,6.91
2019-08-26,7.18,7.2
2019-08-27,7.4,6.93
2019-08-28,6.9,7.49
2019-08-29,7.92,7.81
2019-08-30,7.9,7.56
2019-09-03,7.53,7.21
2019-09-04,7.4,7.47
2019-09-05,7.91,8.31
2019-09-06,8.41,8.27
2019-09-09,8.38,9.13
2019-09-10,9.13,9.89
2019-09-11,10.02,10.1
2019-09-12,10.24,9.8
2019-09-13,9.88,9.87
2019-09-16,9.66,9.55
2019-09-17,9.48,9.3
2019-09-18,9.33,9.02
2019-09-19,9.11,8.86
2019-09-20,8.89,8.79
2019-09-23,8.7,9.06
2019-09-24,9.2,8.78
2019-09-25,8.88,9.02
2019-09-26,9.1,8.88
2019-09-27,9.04,8.88
2019-09-30,8.92,9.16
2019-10-01,9.24,8.93
2019-10-02,8.74,8.18
2019-10-03,8.09,8.28
2019-10-04,8.32,8.44
2019-10-07,8.37,8.44
2019-10-08,8.2,8.06
2019-10-09,8.21,8.28
2019-10-10,8.37,8.51
2019-10-11,8.76,9.1
2019-10-14,9.03,8.8
2019-10-15,8.95,9.14
2019-10-16,9.09,9.28
2019-10-17,9.43,9.6
2019-10-18,9.26,9.23
2019-10-21,9.42,9.56
2019-10-22,9.66,9.92
2019-10-23,9.93,10.06
2019-10-24,10.09,9.97
2019-10-25,9.84,10.3
2019-10-28,10.5,10.55
2019-10-29,10.37,10.05
2019-10-30,10.03,9.79
2019-10-31,9.7,9.42
2019-11-01,9.61,9.81
2019-11-04,10.08,10.26
2019-11-05,10.3,10.71
2019-11-06,10.72,10.52
2019-11-07,10.9,10.49
2019-11-08,10.44,10.3
2019-11-11,10.15,10.28
2019-11-12,10.23,10.23
2019-11-13,10.08,10.09
2019-11-14,10.11,10.27
2019-11-15,10.51,10.58
2019-11-18,10.56,10.54
2019-11-19,10.22,9.94
2019-11-20,9.92,9.53
2019-11-21,9.58,9.48
2019-11-22,9.77,9.84
2019-11-25,10,10.33
2019-11-26,10.24,10.52
2019-11-27,10.61,10.69
2019-11-29,10.64,10.4
2019-12-02,10.45,10.06
2019-12-03,9.73,9.62
2019-12-04,9.73,9.84
2019-12-05,9.96,9.73
2019-12-06,10.14,10.41
2019-12-09,10.37,10.56
2019-12-10,10.52,10.52
2019-12-11,10.5,10.3
2019-12-12,10.32,10.89
2019-12-13,10.94,10.25
2019-12-16,10.43,10.24
2019-12-17,10.27,10.56
2019-12-18,10.61,10.87
2019-12-19,10.9,11.04
2019-12-20,11.14,11.13
2019-12-23,11.22,10.97
2019-12-24,11.12,11.12
2019-12-26,11.28,11.36
2019-12-27,11.54,11.48
2019-12-30,11.51,11.23
2019-12-31,11.03,11.32
2020-01-02,11.53,11.01
2020-01-03,10.63,10.8
2020-01-06,10.62,10.9
2020-01-07,10.84,10.81
2020-01-08,10.79,10.82
2020-01-09,10.81,10.7
2020-01-10,10.67,10.57
2020-01-13,10.56,10.78
2020-01-14,10.72,10.96
2020-01-15,10.78,10.74
2020-01-16,11.04,11.2
2020-01-17,11.36,11.16
2020-01-21,11.04,10.94
2020-01-22,11.06,10.84
2020-01-23,10.72,10.83
2020-01-24,10.88,10.4
2020-01-27,9.81,10.13
2020-01-28,10.2,10.31
2020-01-29,10.36,10.22
2020-01-30,10.02,10.03
2020-01-31,9.88,9.16
2020-02-03,9.28,9.45
2020-02-04,9.76,9.68
2020-02-05,9.98,10.33
2020-02-06,10.44,10.13
2020-02-07,9.87,9.64
2020-02-10,9.62,9.74
2020-02-11,9.94,9.99
2020-02-12,10.22,10.49
2020-02-13,10.16,10.37
2020-02-14,10.45,10.27
2020-02-18,10.24,10.41
2020-02-19,10.44,10.49
2020-02-20,10.61,11.17
2020-02-21,11.14,10.93
2020-02-24,9.84,9.76
2020-02-25,9.94,8.76
2020-02-26,8.97,8.18
2020-02-27,7.66,7.49
2020-02-28,6.84,7.34
2020-03-02,7.46,7.66
2020-03-03,7.73,7.16
2020-03-04,7.48,7.76
2020-03-05,7.24,6.91
2020-03-06,6.41,6.68
2020-03-09,6.02,5.63
2020-03-10,5.93,5.89
2020-03-11,5.4,4.63
2020-03-12,3.46,2.95
2020-03-13,3.47,3.5
2020-03-16,3.15,2.4
2020-03-17,2.4,2.51
2020-03-18,2.26,2.03
2020-03-19,1.82,2.31
2020-03-20,2.41,1.96
2020-03-23,2,1.82
2020-03-24,2.04,2.27
2020-03-25,2.32,2.4
2020-03-26,2.56,2.63
2020-03-27,2.48,2.34
2020-03-30,2.42,2.33
2020-03-31,2.34,2.28
2020-04-01,2,1.87
2020-04-02,1.84,1.79
2020-04-03,1.8,1.71
2020-04-06,1.94,2.28
2020-04-07,2.67,2.46
2020-04-08,2.56,2.79
2020-04-09,2.99,3.08
2020-04-13,3.11,2.99
2020-04-14,3.26,3.34
2020-04-15,2.95,2.9
2020-04-16,2.92,2.89
2020-04-17,3.29,3.25
2020-04-20,3.16,3.17
2020-04-21,2.9,2.93
2020-04-22,3.04,2.95
2020-04-23,2.99,3.02
2020-04-24,3.06,3.27
2020-04-27,3.33,3.81
2020-04-28,4.09,3.95
2020-04-29,4.31,4.33
2020-04-30,4.2,3.87
2020-05-01,3.55,3.51
2020-05-04,3.33,3.59
2020-05-05,3.8,3.71
2020-05-06,3.88,3.74
2020-05-07,3.89,3.79
2020-05-08,3.92,4.28
2020-05-11,4.19,4.27
2020-05-12,4.25,3.92
2020-05-13,3.97,3.61
2020-05-14,3.45,3.67
2020-05-15,3.62,3.89
2020-05-18,4.24,4.42
2020-05-19,4.46,4.24
2020-05-20,4.5,4.28
2020-05-21,4.39,4.54
2020-05-22,4.51,4.61
2020-05-26,5.03,5.01
2020-05-27,5.25,5.53
2020-05-28,5.65,5.14
2020-05-29,5.07,5.2
2020-06-01,5.12,5.28
2020-06-02,5.43,5.64
2020-06-03,5.8,6.13
2020-06-04,6.08,6.14
2020-06-05,6.76,6.62
2020-06-08,7.05,7.01
2020-06-09,6.66,6.53
2020-06-10,6.5,6.07
2020-06-11,5.4,5.04
2020-06-12,5.6,5.24
2020-06-15,4.74,5.43
2020-06-16,6.24,5.88
2020-06-17,6.05,5.79
2020-06-18,5.6,5.74
2020-06-19,5.93,5.54
2020-06-22,5.53,5.93
2020-06-23,6.11,5.96
2020-06-24,5.8,5.31
2020-06-25,5.2,5.4
2020-06-26,5.52,5.19
2020-06-29,5.28,5.73
2020-06-30,5.76,5.82
2020-07-01,5.92,5.87
2020-07-02,6.05,6.05
2020-07-06,6.33,6.37
2020-07-07,6.26,6.16
2020-07-08,6.11,6.39
2020-07-09,6.4,6.04
2020-07-10,6.03,6.29
2020-07-13,6.4,5.87
2020-07-14,5.81,6.2
2020-07-15,6.46,6.83
2020-07-16,6.69,6.96
2020-07-17,6.87,6.76
2020-07-20,6.7,6.65
2020-07-21,6.8,7.1
2020-07-22,7.11,7.47
2020-07-23,7.48,7.38
2020-07-24,7.2,7.13
2020-07-27,7.1,7.38
2020-07-28,7.4,7.29
2020-07-29,7.43,7.92
2020-07-30,7.8,7.81
2020-07-31,7.95,7.65
2020-08-03,7.79,8.13
2020-08-04,8.25,8.49
2020-08-05,8.66,9.14
2020-08-06,9.11,8.84
2020-08-07,8.95,9.37
2020-08-10,9.51,9.54
2020-08-11,9.82,9.35
2020-08-12,9.58,9.6
2020-08-13,9.52,9.66
2020-08-14,9.7,9.85
2020-08-17,10.04,10.52
2020-08-18,10.56,10.26
2020-08-19,10.37,10.33
2020-08-20,10,9.97
2020-08-21,10.01,10.06
2020-08-24,10.29,10.55
2020-08-25,10.53,10.46
2020-08-26,10.53,10.61
2020-08-27,10.8,10.38
2020-08-28,10.51,10.39
2020-08-31,10.38,9.97
2020-09-01,10.03,10.6
2020-09-02,10.89,10.82
2020-09-03,10.69,9.67
2020-09-04,9.83,9.43
2020-09-08,8.98,9.01
2020-09-09,9.3,9.5
2020-09-10,9.62,9.14
2020-09-11,9.27,8.76
2020-09-14,9.14,9.35
2020-09-15,9.59,9.33
2020-09-16,9.54,9.41
2020-09-17,9.06,9.15
2020-09-18,9.24,9.06
2020-09-21,8.64,8.53
2020-09-22,8.78,9.22
2020-09-23,9.33,8.55
2020-09-24,8.39,8.11
2020-09-25,8.05,8.29
2020-09-28,8.61,8.87
2020-09-29,9.05,8.49
2020-09-30,8.54,8.66
2020-10-01,8.95,9.36
2020-10-02,8.76,9.54
2020-10-05,9.79,10.34
2020-10-06,10.53,9.75
2020-10-07,10.04,10.56
2020-10-08,10.71,11.01
2020-10-09,11.27,11.01
2020-10-12,11.31,11.06
2020-10-13,11.12,11.36
2020-10-14,11.6,11.12
2020-10-15,10.79,11.56
2020-10-16,11.8,11.21
2020-10-19,11.41,10.76
2020-10-20,11.08,10.89
2020-10-21,10.92,10.66
2020-10-22,10.66,10.97
2020-10-23,10.84,11.22
2020-10-26,10.97,10.37
2020-10-27,10.43,10.3
2020-10-28,9.66,9.52
2020-10-29,9.6,9.4
2020-10-30,9.24,8.49
2020-11-02,8.77,8.99
2020-11-03,9.44,9.98
2020-11-04,10,9.92
2020-11-05,10.21,10.84
2020-11-06,10.81,10.69
2020-11-09,11.83,11.08
2020-11-10,11.19,11.24
2020-11-11,11.16,11.23
2020-11-12,11.14,10.51
2020-11-13,10.69,11.14
2020-11-16,11.75,12
2020-11-17,11.81,12.2
2020-11-18,12.32,12.25
2020-11-19,12.26,13.03
2020-11-20,13.07,13.05
2020-11-23,13.38,14.5
2020-11-24,15.14,15.29
2020-11-25,15.07,15.22
2020-11-27,15.63,15.58
2020-11-30,15.63,14.79
2020-12-01,15.22,15.25
2020-12-02,14.99,15.26
2020-12-03,15.27,15.76
2020-12-04,15.92,16.3
2020-12-07,16.3,16.05
2020-12-08,16.43,16.41
2020-12-09,16.38,16.14
2020-12-10,15.77,16.12
2020-12-11,15.84,15.58
2020-12-14,16.09,15.1
2020-12-15,15.34,16.22
2020-12-16,16.26,16.41
2020-12-17,16.69,17.32
2020-12-18,17.44,17.18
2020-12-21,16.28,17.37
2020-12-22,17.93,18.16
2020-12-23,18.58,18.54
2020-12-24,18.56,18.49
2020-12-28,18.97,18.85
2020-12-29,18.96,18.1
2020-12-30,18.59,18.69
2020-12-31,18.62,18.17
2021-01-04,18.22,17.44
2021-01-05,17.23,18.63
2021-01-06,18.64,20.97
2021-01-07,21.51,21.4
2021-01-08,21.67,21.43
2021-01-11,20.89,22.81
2021-01-12,23.24,24.96
2021-01-13,25.01,24.68
2021-01-14,25,27.08
2021-01-15,26.46,25.11
2021-01-19,26.33,25.4
2021-01-20,25.3,25.6
2021-01-21,25.61,26.26
2021-01-22,25.43,28.13
2021-01-25,30,29.53
2021-01-26,31.2,35.72
2021-01-27,45.13,48.37
2021-01-28,40.01,34.93
2021-01-29,43.13,40.83
2021-02-01,40.39,33.8
2021-02-02,29.86,25.42
2021-02-03,27.11,27.01
2021-02-04,27.48,26.74
2021-02-05,27.5,28.45
2021-02-08,29.6,29.6
2021-02-09,29.77,29.3
2021-02-10,29.65,29.07
2021-02-11,29.22,29.55
2021-02-12,29.42,29.6
2021-02-16,30,29.36
2021-02-17,29.25,28.55
2021-02-18,27.86,27.44
2021-02-19,27.92,28.55
2021-02-22,28.32,28.68
2021-02-23,27.75,27.42
2021-02-24,27.58,31.71
2021-02-25,35.21,28.78
2021-02-26,30.3,28.63
2021-03-01,30.61,32.9
2021-03-02,32.93,31.29
2021-03-03,31.67,30.88
2021-03-04,30.4,29.12
2021-03-05,29.7,30.98
2021-03-08,32.78,36.62
2021-03-09,39.32,41.04
2021-03-10,43.68,43.34
2021-03-11,43.47,44.72
2021-03-12,45.25,47.02
2021-03-15,48.4,45.42
2021-03-16,43.37,42.86
2021-03-17,42.24,43.87
2021-03-18,44.16,40.36
2021-03-19,40.59,42.06
2021-03-22,42.4,40.74
2021-03-23,39.92,37.03
2021-03-24,37.04,33.09
2021-03-25,32,36.11
2021-03-26,36.74,38.32
2021-03-29,37.96,36.29
2021-03-30,36.15,38.3
2021-03-31,38.7,39.04
2021-04-01,39.61,39.38
2021-04-05,40.52,40.65
2021-04-06,40.43,41.18
2021-04-07,41.27,40.15
2021-04-08,40.4,41.11
2021-04-09,41.11,42.96
2021-04-12,42.94,43.68
2021-04-13,44,42.71
2021-04-14,42.85,43.08
2021-04-15,44.34,43.25
2021-04-16,43.6,43.79
2021-04-19,43.82,42.09
2021-04-20,42.02,39.28
2021-04-21,38.83,41.27
2021-04-22,41.79,41.56
2021-04-23,41.27,44.3
2021-04-26,44.73,43.26
2021-04-27,43.42,45.04
2021-04-28,44.91,45.4
2021-04-29,46.2,45.28
2021-04-30,44.21,43.63
2021-05-03,44.42,46.12
2021-05-04,45.4,44.96
2021-05-05,46.18,45.12
2021-05-06,45.11,45.46
2021-05-07,45.56,46.88
2021-05-10,47.02,44.65
2021-05-11,41.44,43.35
2021-05-12,42.7,36.88
2021-05-13,38.18,38.73
2021-05-14,39.77,43.58
2021-05-17,43.29,45.11
2021-05-18,46.23,43.93
2021-05-19,41.23,40.6
2021-05-20,41.04,40.03
2021-05-21,40.6,40.2
2021-05-24,40.82,40.68
2021-05-25,41.01,40.24
2021-05-26,40.79,43.64
2021-05-27,44,44.88
2021-05-28,45.55,43.41
2021-06-01,44.43,45.48
2021-06-02,45.72,46.61
2021-06-03,45.33,44.25
2021-06-04,44.74,44.1
2021-06-07,44.2,45.34
2021-06-08,45.69,47.85
2021-06-09,48.27,46.67
2021-06-10,46.87,45.23
2021-06-11,45.48,47.46
2021-06-14,47.82,46.47
2021-06-15,46.49,44.38
2021-06-16,44.39,44.62
2021-06-17,44.16,43.21
2021-06-18,42.16,40.89
2021-06-21,40.97,43.59
2021-06-22,43.64,45.85
2021-06-23,46.13,47.15
2021-06-24,47.62,48.22
2021-06-25,48.65,49.2
2021-06-28,49.65,48
2021-06-29,48.54,47.52
2021-06-30,47.45,48.55
2021-07-01,48.91,49.85
2021-07-02,50.4,49.05
2021-07-06,48.93,46.6
2021-07-07,46.1,44.86
2021-07-08,42.23,44.07
2021-07-09,45.57,49.08
2021-07-12,48.59,49.32
2021-07-13,48.8,46.87
2021-07-14,47.46,45.14
2021-07-15,44.69,43.2
2021-07-16,44.81,41.29
2021-07-19,39.43,39.94
2021-07-20,40.3,44.03
2021-07-21,44.82,46.44
2021-07-22,46.11,44.97
2021-07-23,45.11,46.06
2021-07-26,45.8,46.75
2021-07-27,45.97,44.88
2021-07-28,45.19,44.99
2021-07-29,45.46,46.02
2021-07-30,44.97,44.94
2021-08-02,45.25,44.79
2021-08-03,45.16,46.16
2021-08-04,45.59,42.47
2021-08-05,42.5,43.98
2021-08-06,45.1,44.29
2021-08-09,44,44.29
2021-08-10,44.36,47.35
2021-08-11,47.76,47.77
2021-08-12,47.92,46.87
2021-08-13,46.75,45.27
2021-08-16,44.63,45.43
2021-08-17,44.01,41.47
2021-08-18,41.15,41.04
2021-08-19,39.8,41.03
2021-08-20,41.2,43.09
2021-08-23,43.95,44.53
2021-08-24,45.03,47.14
2021-08-25,46.96,47.09
2021-08-26,45.87,44.66
2021-08-27,44.57,45.58
2021-08-30,46.12,45.87
2021-08-31,45.72,45.34
2021-09-01,45.71,46.23
2021-09-02,46.05,45.41
2021-09-03,45.17,44.93
2021-09-07,45.09,43.15
2021-09-08,43.1,41.7
2021-09-09,41.6,42.99
2021-09-10,43.32,40.92
2021-09-13,41.47,40.57
2021-09-14,41.14,39.32
2021-09-15,39.59,41.05
2021-09-16,41.6,42.75
2021-09-17,42.83,42.99
2021-09-20,40.3,40.67
2021-09-21,41.76,40.61
2021-09-22,41.48,42.93
2021-09-23,43.68,44.39
2021-09-24,43.24,43.89
2021-09-27,43.8,46.12
2021-09-28,45.08,43.62
2021-09-29,44.31,43.54
2021-09-30,42.7,37.55
2021-10-01,38.41,38.53
2021-10-04,38.34,37.52
2021-10-05,37.85,37.33
2021-10-06,36.57,36.59
2021-10-07,37.77,38.9
2021-10-08,39.19,37.97
2021-10-11,37.68,35.75
2021-10-12,36.38,36.66
2021-10-13,36.96,37.34
2021-10-14,37.99,38.91
2021-10-15,40.4,39
2021-10-18,38.57,41.06
2021-10-19,41.29,40.45
2021-10-20,40.65,40.93
2021-10-21,41.1,43.11
2021-10-22,42.92,42.41
2021-10-25,42.82,44.48
2021-10-26,44.75,41.87
2021-10-27,42.18,39.03
2021-10-28,39.6,41.14
2021-10-29,40.77,42.06
2021-11-01,42.22,44.88
2021-11-02,44.56,45.7
2021-11-03,45.48,51
2021-11-04,51.27,51.01
2021-11-05,52.62,52.6
2021-11-08,53.25,52.32
2021-11-09,52.41,53.64
2021-11-10,52.49,50.46
2021-11-11,51.42,52.36
2021-11-12,53.52,53.69
2021-11-15,54.96,54.32
2021-11-16,54.81,56.2
2021-11-17,56.42,52.25
2021-11-18,54.8,55.25
2021-11-19,54.34,51.06
2021-11-22,52.68,53.25
2021-11-23,51.53,50.91
2021-11-24,48.65,48.73
2021-11-26,45.22,45.42
2021-11-29,47.73,44.49
2021-11-30,43.46,40.79
2021-12-01,42.9,36.74
2021-12-02,37.38,38.95
2021-12-03,39.05,36.69
2021-12-06,37.59,38.8
2021-12-07,40.61,41.26
2021-12-08,41.74,40.51
2021-12-09,40.06,38.52
2021-12-10,39.52,38.33
2021-12-13,38.11,34.78
2021-12-14,33.86,34.75
2021-12-15,34.48,35.56
2021-12-16,36.42,32.48
2021-12-17,32,33.03
2021-12-20,31.46,30.74
2021-12-21,31.75,33.63
2021-12-22,33.42,33.79
2021-12-23,34.23,34.61
2021-12-27,34.73,35.72
2021-12-28,35.82,35.21
2021-12-29,35.53,35.98
2021-12-30,36.04,37.1
2021-12-31,36.96,36.43
2022-01-03,37.2,37.88
2022-01-04,38,37.07
2022-01-05,36.98,33.27
2022-01-06,33.8,33.9
2022-01-07,33.86,32.67
2022-01-10,31.58,31
2022-01-11,30.88,32.57
2022-01-12,32.95,31.31
2022-01-13,31.85,30.62
2022-01-14,29.59,28.73
2022-01-18,27.9,26.84
2022-01-19,27.09,26.29
2022-01-20,26.78,23.59
2022-01-21,23.06,22.56
2022-01-24,21.48,26.53
2022-01-25,25.03,25.28
2022-01-26,26.51,23.34
2022-01-27,24.08,22.73
2022-01-28,22.46,23.36
2022-01-31,23.08,26.05
2022-02-01,26.26,27.09
2022-02-02,27.34,24.85
2022-02-03,23.98,22.85
2022-02-04,23.07,22.98
2022-02-07,23.19,23.31
2022-02-08,23.24,25.29
2022-02-09,26.04,26.87
2022-02-10,25.45,25.13
2022-02-11,25.22,23.63
2022-02-14,23.6,23.23
2022-02-15,24.33,25.55
2022-02-16,25.19,24.65
2022-02-17,24.21,22.74
2022-02-18,22.36,22.16
2022-02-22,21.75,19.62
2022-02-23,20.18,18.21
2022-02-24,16.01,20.34
2022-02-25,20.46,21.4
2022-02-28,20.42,21.3
2022-03-01,21.21,19.69
2022-03-02,20.02,21.82
2022-03-03,22.19,21.03
2022-03-04,20.43,19.74
2022-03-07,19.64,17.2
2022-03-08,17.2,18.3
2022-03-09,19.34,19.36
2022-03-10,18.59,19.36
2022-03-11,19.64,17.82
2022-03-14,17.99,17.24
2022-03-15,17.38,18.71
2022-03-16,19.26,20.92
2022-03-17,20.52,21.85
2022-03-18,21.46,22.62
2022-03-21,22.68,21.2
2022-03-22,21.56,22.57
2022-03-23,22.12,21.17
2022-03-24,21.6,21.86
2022-03-25,21.93,20.89
2022-03-28,20.89,21.57
2022-03-29,22.28,24.12
2022-03-30,23.32,21.04
2022-03-31,21.22,19.2
2022-04-01,19.44,18.92
2022-04-04,19.15,20.43
2022-04-05,20.25,19.18
2022-04-06,18.46,18.29
2022-04-07,18.11,18.6
2022-04-08,18.54,19.25
2022-04-11,18.86,19.37
2022-04-12,20.19,18.99
2022-04-13,19.01,20.2
2022-04-14,20.34,19.64
2022-04-18,19.34,19.15
2022-04-19,19.19,21.32
2022-04-20,21.55,20.44
2022-04-21,21.01,19.16
2022-04-22,18.5,16.9
2022-04-25,16.33,17.67
2022-04-26,17.13,15.88
2022-04-27,15.95,15.74
2022-04-28,16.13,16.67
2022-04-29,16.12,14.9
2022-05-02,14.95,16.25
2022-05-03,16.18,16.45
2022-05-04,16.34,17.8
2022-05-05,16.79,15.29
2022-05-06,14.83,14.17
2022-05-09,13.32,12.77
2022-05-10,13.39,12.11
2022-05-11,12.21,10.71
2022-05-12,10.51,11.74
2022-05-13,12.42,12.9
2022-05-16,12.79,12.46
2022-05-17,12.9,13.27
2022-05-18,11.94,10
2022-05-19,9.72,9.98
2022-05-20,10.18,9.29
2022-05-23,9.43,9.25
2022-05-24,8.7,8.31
2022-05-25,8.17,10.01
2022-05-26,10.56,11.45
2022-05-27,11.45,12.1
2022-05-31,11.91,11.36
2022-06-01,11.62,10.77
2022-06-02,10.91,11.72
2022-06-03,11.27,11.17
2022-06-06,11.58,11.37
2022-06-07,10.82,11.55
2022-06-08,11.35,11.52
2022-06-09,11.45,11.16
2022-06-10,10.4,9.99
2022-06-13,9.03,8.71
2022-06-14,8.87,8.9
2022-06-15,9.14,9.43
2022-06-16,8.65,8.03
2022-06-17,8.08,8.46
2022-06-21,8.8,8.8
2022-06-22,8.37,8.67
2022-06-23,8.84,9.32
2022-06-24,9.49,10.33
2022-06-27,10.5,9.82
2022-06-28,9.96,8.76
2022-06-29,8.67,8.17
2022-06-30,7.79,7.51
2022-07-01,7.41,7.71
2022-07-05,7.41,8.52
2022-07-06,8.42,7.95
2022-07-07,8.09,8.82
2022-07-08,8.63,8.67
2022-07-11,8.5,8.03
2022-07-12,8.02,8.06
2022-07-13,7.67,8.04
2022-07-14,7.65,7.73
2022-07-15,8.18,8.24
2022-07-18,8.55,8.7
2022-07-19,9.06,9.56
2022-07-20,9.51,10.09
2022-07-21,9.94,10.15
2022-07-22,10.15,9.64
2022-07-25,9.71,9.28
2022-07-26,8.36,8.1
2022-07-27,8.35,8.7
2022-07-28,8.79,9.23
2022-07-29,9.25,9.45
2022-08-01,9.34,10.11
2022-08-02,9.88,9.81
2022-08-03,10.11,10.65
2022-08-04,10.75,10.6
2022-08-05,10.19,10.89
2022-08-08,11.21,12.08
2022-08-09,11.81,10.75
2022-08-10,11.65,11.79
2022-08-11,12.32,12.47
2022-08-12,12.78,13.08
2022-08-15,12.82,13.15
2022-08-16,13.22,14.71
2022-08-17,14.07,13.49
2022-08-18,13.32,13.18
2022-08-19,12.71,11.92
2022-08-22,11.3,10.81
2022-08-23,10.92,10.76
2022-08-24,10.65,10.48
2022-08-25,10.45,11.03
2022-08-26,11.21,9.95
2022-08-29,9.7,9.78
2022-08-30,10.08,9.48
2022-08-31,9.6,8.96
2022-09-01,8.74,8.9
2022-09-02,9.25,8.67
2022-09-06,8.71,8.5
2022-09-07,8.5,9.33
2022-09-08,8.95,9.29
2022-09-09,9.44,10
2022-09-12,10.21,10.53
2022-09-13,9.57,8.72
2022-09-14,8.8,8.67
2022-09-15,8.62,8.72
2022-09-16,8.31,8.37
2022-09-19,8.17,8.68
2022-09-20,8.49,7.99
2022-09-21,8.08,7.75
2022-09-22,7.72,7.13
2022-09-23,6.83,6.89
2022-09-26,6.88,6.55
2022-09-27,6.81,6.75
2022-09-28,6.79,7.46
2022-09-29,6.99,6.4
2022-09-30,6.25,6.14
2022-10-03,6.37,6.59
2022-10-04,7.02,7.47
2022-10-05,7.05,7.3
2022-10-06,7.23,7.16
2022-10-07,6.86,6.62
2022-10-10,6.75,6.58
2022-10-11,6.51,6.8
2022-10-12,6.8,6.73
2022-10-13,6.25,6.99
2022-10-14,7.17,6.34
2022-10-17,6.7,6.84
2022-10-18,7.33,7.17
2022-10-19,6.88,6.54
2022-10-20,6.54,6.3
2022-10-21,6.26,6.8
2022-10-24,6.92,7.03
2022-10-25,6.99,7.84
2022-10-26,7.89,7.82
2022-10-27,8,7.94
2022-10-28,7.92,8.29
2022-10-31,8.27,8.16
2022-11-01,8.5,8.26
2022-11-02,8.17,7.24
2022-11-03,7.08,7.38
2022-11-04,7.7,7.34
2022-11-07,7.54,7.57
2022-11-08,7.73,7.64
2022-11-09,7.5,6.84
2022-11-10,7.69,8.43
2022-11-11,8.52,9.03
2022-11-14,8.88,8.7
2022-11-15,9.36,9.35
2022-11-16,8.7,8.32
2022-11-17,7.9,8.45
2022-11-18,8.99,8.7
2022-11-21,8.52,8.56
2022-11-22,8.92,9.23
2022-11-23,9.29,9.37
2022-11-25,9.34,9.31
2022-11-28,9.1,9
2022-11-29,9.04,9.08
2022-11-30,9.12,9.59
2022-12-01,9.57,9.23
2022-12-02,8.89,9.47
2022-12-05,9.26,8.79
2022-12-06,8.81,8.58
2022-12-07,8.45,8.57
2022-12-08,8.65,8.74
2022-12-09,8.49,8.3
2022-12-12,8.35,8.42
2022-12-13,9.23,8.28
2022-12-14,8.23,8.27
2022-12-15,7.84,7.56
2022-12-16,7.34,7.25
2022-12-19,7.26,6.85
2022-12-20,6.75,6.56
2022-12-21,6.82,6.99
2022-12-22,6.64,6.6
2022-12-23,6.6,6.91
2022-12-27,6.88,6.72
2022-12-28,6.69,6.41
2022-12-29,6.52,6.9
2022-12-30,6.65,6.95
2023-01-03,7.08,6.78
2023-01-04,6.95,7.35
2023-01-05,7.07,7.16
2023-01-06,7.39,7.72
2023-01-09,7.82,7.63
2023-01-10,7.68,8.11
2023-01-11,8.25,8.71
2023-01-12,8.84,8.92
2023-01-13,8.59,8.95
2023-01-17,8.81,8.81
2023-01-18,9,8.44
2023-01-19,8.32,7.96
2023-01-20,8.08,8.55
2023-01-23,8.72,9.32
2023-01-24,9.16,9.01
2023-01-25,8.73,9.26
2023-01-26,9.58,9.51
2023-01-27,9.46,9.97
2023-01-30,9.74,9.77
2023-01-31,9.85,10.59
2023-02-01,10.51,11.55
2023-02-02,12.19,12.55
2023-02-03,12,12.11
2023-02-06,11.64,11.38
2023-02-07,11.16,11.22
2023-02-08,11,10.73
2023-02-09,11.11,10.2
2023-02-10,9.92,9.88
2023-02-13,9.91,10.54
2023-02-14,10.42,10.5
2023-02-15,10.26,11.27
2023-02-16,10.93,10.73
2023-02-17,10.7,10.85
2023-02-21,10.48,9.26
2023-02-22,9.3,9.41
2023-02-23,9.6,9.25
2023-02-24,8.75,8.73
2023-02-27,9.02,8.74
2023-02-28,8.77,8.71
2023-03-01,8.53,8.27
2023-03-02,8.12,8.51
2023-03-03,8.68,8.83
2023-03-06,8.94,8.29
2023-03-07,8.35,8.31
2023-03-08,8.37,8.32
2023-03-09,8.26,7.85
2023-03-10,7.75,7.31
2023-03-13,6.96,6.79
2023-03-14,7.27,6.82
2023-03-15,6.49,6.74
2023-03-16,6.59,6.92
2023-03-17,6.83,6.47
2023-03-20,6.59,6.52
2023-03-21,6.8,6.84
2023-03-22,7.01,6.53
2023-03-23,6.64,6.3
2023-03-24,6.18,6.38
2023-03-27,6.53,6.43
2023-03-28,6.43,6.6
2023-03-29,6.66,6.69
2023-03-30,6.85,6.85
2023-03-31,7,7.38
2023-04-03,7.47,7.54
2023-04-04,7.66,7.25
2023-04-05,7.15,6.78
2023-04-06,6.63,6.73
2023-04-10,6.62,7.09
2023-04-11,7.26,7.44
2023-04-12,7.63,6.85
2023-04-13,6.91,6.93
2023-04-14,6.94,6.92
2023-04-17,6.97,7.01
2023-04-18,7.1,7.01
2023-04-19,6.88,6.98
2023-04-20,6.78,6.89
2023-04-21,6.86,6.9
2023-04-24,6.84,7.02
2023-04-25,6.86,6.33
2023-04-26,6.33,6.34
2023-04-27,6.42,6.57
2023-04-28,6.51,6.58
2023-05-01,6.59,6.45
2023-05-02,6.42,6.35
2023-05-03,6.39,6.24
2023-05-04,6.2,5.96
2023-05-05,6.23,6.44
2023-05-08,6.51,6.55
2023-05-09,6.47,6.51
2023-05-10,6.71,6.5
2023-05-11,6.41,6.46
2023-05-12,6.5,6.33
2023-05-15,6.36,6.5
2023-05-16,6.36,6.01
2023-05-17,6.09,6.51
2023-05-18,6.47,6.56
2023-05-19,6.41,5.87
2023-05-22,5.92,5.92
2023-05-23,5.82,5.83
2023-05-24,5.98,5.8
2023-05-25,5.75,5.44
2023-05-26,5.41,5.57
2023-05-30,5.61,5.58
2023-05-31,5.41,5.1
2023-06-01,5.06,5.13
2023-06-02,5.29,5.76
2023-06-05,5.74,5.52
2023-06-06,5.46,6.02
2023-06-07,6.14,6.38
2023-06-08,6.31,6.62
2023-06-09,6.67,6.3
2023-06-12,6.38,6.56
2023-06-13,6.75,6.96
2023-06-14,7.05,6.7
2023-06-15,6.58,7.01
2023-06-16,7.1,6.68
2023-06-20,6.58,6.58
2023-06-21,6.48,6.57
2023-06-22,6.52,6.6
2023-06-23,6.44,6.44
2023-06-26,6.39,6.47
2023-06-27,6.46,6.8
2023-06-28,6.77,6.83
2023-06-29,6.86,6.93
2023-06-30,7.1,7.02
2023-07-03,7,7.19
2023-07-05,7.15,7.13
2023-07-06,6.9,6.87
2023-07-07,6.87,7.04
2023-07-10,6.99,7.41
2023-07-11,7.5,7.87
2023-07-12,8.19,7.89
2023-07-13,7.89,7.67
2023-07-14,7.58,7.45
2023-07-17,7.4,7.58
2023-07-18,7.57,7.83
2023-07-19,8.1,8.27
2023-07-20,8.27,7.98
2023-07-21,8.12,7.74
2023-07-24,7.79,7.88
2023-07-25,7.86,7.78
2023-07-26,7.74,8.12
2023-07-27,8.22,7.84
2023-07-28,8.03,8.11
2023-07-31,8.15,8.29
2023-08-01,8.19,8.19
2023-08-02,7.91,7.96
2023-08-03,7.85,8
2023-08-04,8.1,7.92
2023-08-07,7.94,7.95
2023-08-08,7.7,7.72
2023-08-09,7.86,7.66
2023-08-10,7.77,7.63
2023-08-11,7.48,7.63
2023-08-14,7.51,7.68
2023-08-15,7.6,7.42
2023-08-16,7.49,7.24
2023-08-17,7.26,6.95
2023-08-18,6.87,7.22
2023-08-21,7.2,7.05
2023-08-22,6.89,6.43
2023-08-23,6.39,6.63
2023-08-24,6.51,6.18
2023-08-25,6.31,6.27
2023-08-28,6.33,6.5
2023-08-29,6.47,6.82
2023-08-30,6.78,6.94
2023-08-31,6.88,6.96
2023-09-01,7.05,7.06
2023-09-05,6.89,6.57
2023-09-06,6.53,6.45
2023-09-07,6.44,6.33
2023-09-08,6.35,6.21
2023-09-11,6.28,6.22
2023-09-12,6.22,6.19
2023-09-13,6.27,6.08
2023-09-14,6.21,6.53
2023-09-15,6.5,6.25
2023-09-18,6.24,5.96
2023-09-19,5.9,5.9
2023-09-20,5.95,5.79
2023-09-21,5.68,5.58
2023-09-22,5.62,5.5
2023-09-25,5.38,5.57
2023-09-26,5.45,5.31
2023-09-27,5.37,5.42
2023-09-28,5.44,5.72
2023-09-29,5.88,5.81
2023-10-02,5.82,5.69
2023-10-03,5.64,5.35
2023-10-04,5.37,5.4
2023-10-05,5.34,5.16
2023-10-06,5.06,5.23
2023-10-09,5.09,5.31
2023-10-10,5.34,5.63
2023-10-11,5.71,5.55
2023-10-12,5.59,5.23
2023-10-13,5.29,5.16
2023-10-16,5.37,5.58
2023-10-17,5.44,5.85
2023-10-18,5.73,5.65
2023-10-19,5.58,5.37
2023-10-20,5.38,5.29
2023-10-23,5.21,5.08
2023-10-24,5.15,5.11
2023-10-25,5.03,5.04
2023-10-26,5.05,5.11
2023-10-27,5.19,4.94
2023-10-30,5.06,5.02
2023-10-31,5.03,5.13
2023-11-01,5.11,5.09
2023-11-02,5.25,5.53
2023-11-03,5.74,6.01
2023-11-06,6.03,5.87
2023-11-07,5.82,5.84
2023-11-08,5.8,5.53
2023-11-09,5.63,5.23
2023-11-10,5.3,5.37
2023-11-13,5.26,5.27
2023-11-14,5.67,6.02
2023-11-15,6.21,6.43
2023-11-16,6.26,5.76
2023-11-17,6.05,6.25
2023-11-20,6.19,6.36
2023-11-21,6.28,6.31
2023-11-22,6.31,6.29
2023-11-24,6.27,6.42
2023-11-27,6.36,6.31
2023-11-28,6.26,6.48
2023-11-29,6.58,6.62
2023-11-30,6.66,6.6
2023-12-01,6.68,7.34
2023-12-04,7.25,7.59
2023-12-05,7.31,6.99
2023-12-06,7.17,7.13
2023-12-07,7.17,7.35
2023-12-08,7.34,7.32
2023-12-11,7.53,7.7
2023-12-12,7.7,7.48
2023-12-13,7.51,8.18
2023-12-14,8.56,8.79
2023-12-15,8.81,8.58
2023-12-18,8.72,8.64
2023-12-19,8.74,9.18
2023-12-20,9.09,8.68
2023-12-21,8.99,9.14
2023-12-22,8.95,9.05
2023-12-26,9.21,9.31
2023-12-27,9.35,9.46
2023-12-28,9.37,9.45
2023-12-29,9.37,9.12
2024-01-02,8.93,9.11
2024-01-03,8.85,8.13
2024-01-04,8.06,8.08
2024-01-05,7.98,8.03
2024-01-08,8.07,8.46
2024-01-09,8.25,8.25
2024-01-10,8.25,8.31
2024-01-11,8.23,8.1
2024-01-12,8.21,7.8
2024-01-16,7.63,7.71
2024-01-17,7.57,7.58
2024-01-18,7.7,7.63
2024-01-19,7.74,7.73
2024-01-22,7.83,8.15
2024-01-23,8.36,7.95
2024-01-24,8.17,7.71
2024-01-25,7.92,8.01
2024-01-26,8.13,8.12
2024-01-29,8.14,8.31
2024-01-30,8.21,8.23
2024-01-31,8.14,7.64
2024-02-01,7.82,8.21
2024-02-02,8.03,8.34
2024-02-05,8.06,7.97
2024-02-06,7.92,8.27
2024-02-07,8.3,8.3
2024-02-08,8.31,8.65
2024-02-09,8.71,9
2024-02-12,9.06,9.54
2024-02-13,8.77,8.73
2024-02-14,8.97,9.08
2024-02-15,9.14,9.43
2024-02-16,9.1,9.26
2024-02-20,9.06,9.09
2024-02-21,8.96,8.95
2024-02-22,9.01,9.16
2024-02-23,9.37,9.64
2024-02-26,9.63,9.7
2024-02-27,9.9,10.41
2024-02-28,10.23,10.17
2024-02-29,10.47,10.3
2024-03-01,10.35,10.55
2024-03-04,10.65,10.44
2024-03-05,10.3,10.41
2024-03-06,10.44,9.92
2024-03-07,10,10
2024-03-08,10.17,9.97
2024-03-11,9.86,9.82
2024-03-12,9.82,9.84
2024-03-13,9.74,10.08
2024-03-14,10.17,9.82
2024-03-15,9.59,9.93
2024-03-18,9.98,9.92
2024-03-19,9.75,10.11
2024-03-20,10.04,10.61
2024-03-21,10.54,10.94
2024-03-22,10.91,10.57
2024-03-25,10.66,10.29
2024-03-26,10.48,10.41
2024-03-27,10.51,11.01
2024-03-28,11.08,11.24
2024-04-01,11.28,11.06
2024-04-02,10.67,10.09
2024-04-03,10.03,9.81
2024-04-04,10.08,9.39
2024-04-05,9.32,9.46
2024-04-08,9.57,9.52
2024-04-09,9.58,9.52
2024-04-10,9,8.97
2024-04-11,9.02,9.03
2024-04-12,8.83,8.41
2024-04-15,8.62,8.07
2024-04-16,8.01,8.06
2024-04-17,8.25,7.97
2024-04-18,8,7.95
2024-04-19,7.87,8.12
2024-04-22,8.19,8.24
2024-04-23,8.35,8.73
2024-04-24,8.64,8.59
2024-04-25,8.26,8.47
2024-04-26,8.49,8.83
2024-04-29,8.91,8.79
2024-04-30,8.58,8.31
2024-05-01,8.26,8.09
2024-05-02,8.41,8.53
2024-05-03,8.87,8.83
2024-05-06,8.93,9.12
2024-05-07,9.26,9.08
2024-05-08,8.71,8.83
2024-05-09,8.88,9.27
2024-05-10,9.4,9.14
2024-05-13,9.58,9.83
2024-05-14,11.06,10.69
2024-05-15,10.64,10.27
2024-05-16,10.19,9.9
2024-05-17,9.72,9.64
2024-05-20,9.61,9.53
2024-05-21,9.58,9.42
2024-05-22,9.31,9.07
2024-05-23,9.07,8.84
2024-05-24,9.04,9.24
2024-05-28,9.39,9.31
2024-05-29,9.1,9.23
2024-05-30,9.35,9.56
2024-05-31,9.8,10.14
2024-06-03,10.83,10.6
2024-06-04,10.22,9.93
2024-06-05,10.02,10.18
2024-06-06,10.04,10.35
2024-06-07,9.9,9.57
2024-06-10,9.45,9.45
2024-06-11,9.26,9.59
2024-06-12,10.13,9.75
2024-06-13,9.7,9.51
2024-06-14,9.27,9.07
2024-06-17,9.09,9.52
2024-06-18,9.45,9.55
2024-06-20,9.47,9.38
2024-06-21,9.41,9.39
2024-06-24,9.37,9.62
2024-06-25,9.52,9.36
2024-06-26,9.17,9.26
2024-06-27,9.1,9.18
2024-06-28,9.16,9.2
2024-07-01,9.27,8.68
2024-07-02,8.68,8.7
2024-07-03,8.77,8.61
2024-07-05,8.62,8.61
2024-07-08,8.73,8.71
2024-07-09,8.64,8.53
2024-07-10,8.66,8.74
2024-07-11,9.1,9.64
2024-07-12,9.83,9.87
2024-07-15,9.76,9.6
2024-07-16,9.8,10.59
2024-07-17,10.15,10.27
2024-07-18,10.08,9.57
2024-07-19,9.57,9.24
2024-07-22,9.39,9.42
2024-07-23,9.35,9.38
2024-07-24,9.22,8.93
2024-07-25,8.98,9.23
2024-07-26,9.54,9.76
2024-07-29,9.99,9.73
2024-07-30,9.88,9.91
2024-07-31,10.1,10.25
2024-08-01,10.44,9.52
2024-08-02,8.76,8.58
2024-08-05,7.36,8
2024-08-06,8.08,8.16
2024-08-07,8.4,7.68
2024-08-08,7.98,8.29
2024-08-09,8.33,8.27
2024-08-12,8.32,8.06
2024-08-13,8.2,8.44
2024-08-14,8.57,8.27
2024-08-15,9.15,9.28
2024-08-16,9.2,9.51
2024-08-19,9.51,9.54
2024-08-20,9.49,9.3
2024-08-21,9.75,9.65
2024-08-22,9.41,9.17
2024-08-23,9.4,9.8
2024-08-26,9.95,9.8
2024-08-27,9.73,9.68
2024-08-28,9.55,9.26
2024-08-29,9.33,9.11
2024-08-30,9.26,9.15
2024-09-03,8.93,8.69
2024-09-04,8.51,8.39
2024-09-05,8.51,8.22
2024-09-06,8.19,7.81
2024-09-09,7.88,7.83
2024-09-10,7.9,7.75
2024-09-11,7.63,7.74
2024-09-12,7.78,8.09
2024-09-13,8.33,8.75
2024-09-16,8.87,8.79
2024-09-17,9.02,9.03
2024-09-18,8.99,9.03
2024-09-19,9.59,9.34
2024-09-20,9.19,9.12
2024-09-23,9.13,9.14
2024-09-24,9.15,9.34
2024-09-25,9.35,9.08
2024-09-26,9.37,9.42
2024-09-27,9.59,9.56
2024-09-30,9.55,9.52
2024-10-01,9.38,9.02
2024-10-02,8.87,8.64
2024-10-03,8.55,8.55
2024-10-04,8.9,9.14
2024-10-07,9.06,8.62
2024-10-08,8.62,8.73
2024-10-09,8.81,8.68
2024-10-10,8.55,8.45
2024-10-11,8.49,8.84
2024-10-14,8.81,8.87
2024-10-15,8.85,9.22
2024-10-16,9.38,9.66
2024-10-17,9.74,9.58
2024-10-18,9.66,9.54
2024-10-21,9.55,9.15
2024-10-22,9.02,8.86
2024-10-23,8.78,8.69
2024-10-24,8.82,8.71
2024-10-25,8.85,8.59
2024-10-28,8.78,8.93
2024-10-29,8.72,8.65
2024-10-30,8.62,8.58
2024-10-31,8.65,8.39
2024-11-01,8.49,8.55
2024-11-04,8.5,8.77
2024-11-05,8.72,9.13
2024-11-06,9.9,9.71
2024-11-07,9.71,9.99
2024-11-08,9.93,9.8
2024-11-11,9.98,10.21
2024-11-12,10.21,9.98
2024-11-13,10.06,9.97
2024-11-14,10.03,9.92
2024-11-15,9.97,9.58
2024-11-18,9.61,9.62
2024-11-19,9.45,9.49
2024-11-20,9.34,9.22
2024-11-21,9.38,9.69
2024-11-22,9.97,10.43
2024-11-25,10.89,11.57
2024-11-26,11.15,11.09
2024-11-27,11.29,11.13
2024-11-29,11.4,11.13
2024-12-02,11.2,11.37
2024-12-03,11.26,11.26
2024-12-04,11.16,11.51
2024-12-05,11.3,10.98
2024-12-06,11.29,11.36
2024-12-09,11.59,11.33
2024-12-10,11.43,11.49
2024-12-11,11.65,11.63
2024-12-12,11.63,11.29
2024-12-13,11.38,11.19
2024-12-16,11.15,11.33
2024-12-17,11.09,11.03
2024-12-18,11.2,10.09
