2018-11-29,24.770000,24.959999,50
2018-11-30,24.927000,24.927000,50
2018-12-03,26.209999,26.209999,50
2018-12-04,25.959999,25.959999,50
2018-12-06,22.650000,23.730000,50
2018-12-07,23.450001,23.450001,38.62069631391317
2018-12-10,21.180000,21.958000,26.323771009730834
2018-12-11,21.948000,21.948000,21.194928197495532
2018-12-12,23.090000,23.379999,32.6899960566953
2018-12-13,22.850000,22.850000,51.91570807827279
2018-12-14,21.750000,21.750000,34.60144300698496
2018-12-17,20.344999,20.344999,41.0311404874027
2018-12-18,20.066000,20.066000,27.412385981757065
2018-12-19,20.559999,20.719999,14.042044923833174
2018-12-20,18.135000,18.559999,8.662093165734968
2018-12-21,16.379999,16.379999,7.769724405430106
2018-12-24,15.700000,15.700000,8.769736607351321
2018-12-26,16.250000,18.129999,17.68291588174661
2018-12-27,17.690001,18.120001,29.051109489051083
2018-12-28,18.770000,18.780001,55.76748410535874
2018-12-31,18.910000,18.910000,82.51930141884351
2019-01-02,17.809999,19.382000,74.47794095639424
2019-01-03,18.597000,18.900000,75.80821385167636
2019-01-04,19.180000,20.190001,70.18968287542472
2019-01-07,20.660000,21.600000,73.1051231759789
2019-01-08,22.549999,22.549999,81.16436966363534
2019-01-09,22.299999,22.570000,94.98997995991984
2019-01-10,21.750000,22.139999,83.16853909890138
2019-01-11,22.131001,22.173000,82.42146394670709
2019-01-14,22.120001,22.120001,73.68594214339454
2019-01-15,22.139999,22.410000,33.08578066960513
2019-01-16,22.639999,22.639999,61.62792288361539
2019-01-17,22.148001,22.840000,64.17385507233989
2019-01-18,23.040001,23.879999,73.73373103651386
2019-01-22,23.620001,23.620001,80.19328533540315
2019-01-23,23.110001,23.110001,66.30804728180722
2019-01-24,22.625000,22.955999,49.74655280383671
2019-01-25,24.870001,24.870001,78.88368892882474
2019-01-28,23.240000,23.240000,51.834852200998775
2019-01-29,22.820000,22.820000,42.43855816338858
2019-01-30,23.500000,24.097000,53.57141745160213
2019-01-31,24.099001,24.830000,63.22210447321253
2019-02-01,24.340000,24.340000,42.57701888598912
2019-02-04,23.590000,24.120001,56.50557620817847
2019-02-05,24.820000,24.920000,78.57142857142857
2019-02-06,25.110001,25.110001,75.88425212725012
2019-02-07,23.726000,24.120001,45.211798405186514
2019-02-08,23.159000,23.530001,36.01043069868244
2019-02-11,24.150000,24.150000,56.27521009627515
2019-02-12,24.620001,24.870001,47.29877312363062
2019-02-13,25.170000,25.381001,50.75718052569903
2019-02-14,24.360001,25.340000,59.35657005801951
2019-02-15,25.510000,25.510000,79.60213024534386
2019-02-19,25.620001,26.000000,73.78643164609436
2019-02-20,25.870001,26.045000,71.77701865994331
2019-02-21,25.680000,25.809999,60.15936254980077
2019-02-22,26.225000,26.246000,91.53670755603233
2019-02-25,26.930000,26.930000,89.44440061733269
2019-02-26,25.610001,26.171000,49.8338870431894
2019-02-27,25.799999,25.997999,48.81352461933875
2019-02-28,25.379999,25.613001,45.28299869465288
2019-03-01,26.400000,26.400000,52.39398215812974
2019-03-04,26.450001,26.450001,42.00001400000466
2019-03-05,26.290001,26.290001,68.47826086956525
2019-03-06,25.778999,25.778999,49.51411473555808
2019-03-07,25.100000,25.260000,44.21490386582165
2019-03-08,23.919001,24.231001,1.9372716244589494
2019-03-11,24.750000,25.329000,24.717407708925528
2019-03-12,25.400000,25.500000,38.4475437298919
2019-03-13,25.900000,26.100000,51.575124895958
2019-03-14,25.420000,25.591000,54.39319296715705
2019-03-15,25.930000,25.930000,83.84381819044711
2019-03-18,26.641001,26.716000,83.16380808003932
2019-03-19,27.000000,27.690001,81.25000000000009
2019-03-20,26.915001,27.365999,73.65970799986397
2019-03-21,27.499001,28.337999,96.22058524703658
2019-03-22,27.440001,27.590000,91.9911523866253
2019-03-25,26.660000,27.035999,50.50881119914903
2019-03-26,27.797001,27.863001,65.06617577838348
2019-03-27,27.620001,27.629999,62.87905525827159
2019-03-28,27.985001,27.985001,59.65050861754676
2019-03-29,28.379999,28.379999,66.46807988787668
2019-04-01,28.818001,29.090000,92.95382446105704
2019-04-02,29.084999,29.084999,89.22044972040145
2019-04-03,29.639999,29.930000,100.0
2019-04-04,29.990000,30.347000,100.0
2019-04-05,30.759001,30.990000,100.0
2019-04-08,30.799999,31.193001,100.00000000000001
2019-04-09,30.790001,30.790001,99.42040512510742
2019-04-10,31.000000,31.000000,99.27550567138917
2019-04-11,30.990000,30.990000,98.07710798887678
2019-04-12,31.639999,31.639999,97.82865034951357
2019-04-15,31.709999,31.709999,97.89493850500412
2019-04-16,32.040001,32.169998,99.21259842519673
2019-04-17,32.459999,32.520000,99.32432386778629
2019-04-18,32.270000,32.429001,88.55426331838956
2019-04-22,31.750000,32.060001,53.59480627111521
2019-04-23,32.110001,33.150002,60.98906593406583
2019-04-24,33.249001,33.340000,72.99355115523097
2019-04-25,33.230000,33.230000,67.28008649906332
2019-04-26,32.669998,33.209999,57.698179063619534
2019-04-29,33.700001,33.700001,81.37060180366389
2019-04-30,32.459999,32.849998,54.3881306155856
2019-05-01,32.900002,32.908001,44.69446894522397
2019-05-02,31.650000,31.969999,32.522170295123104
2019-05-03,32.330002,32.917000,46.33625947519102
2019-05-06,31.350000,32.137001,24.40092191500194
2019-05-07,30.969999,30.969999,30.026863198758154
2019-05-08,30.733999,30.830000,19.285327567415525
2019-05-09,29.930000,30.510000,22.077958340313884
2019-05-10,29.027000,30.700001,0.0
2019-05-13,28.290001,28.629000,0.0
2019-05-14,28.020000,28.877001,0.0
2019-05-15,28.330000,29.223000,10.251326141311512
2019-05-16,29.549999,30.375999,44.476728045560485
2019-05-17,29.469999,30.339001,58.463874078667985
2019-05-20,28.490000,28.796000,53.49648723653397
2019-05-21,28.700001,29.340000,62.14287933674262
2019-05-22,28.700001,28.700001,57.42974193965543
2019-05-23,27.379999,27.379999,8.108140457034462
2019-05-24,27.580000,27.629999,15.12920834404975
2019-05-28,27.900000,27.900000,35.609784176030864
2019-05-29,25.726999,26.115000,12.957898870771066
2019-05-30,26.737000,26.737000,30.459894027579065
2019-05-31,25.614000,25.750000,31.70329566724261
2019-06-03,25.600000,25.600000,28.663802300085226
2019-06-04,25.070000,26.829000,20.82475429907039
2019-06-05,27.290001,27.290001,65.95876415815229
2019-06-06,27.520000,27.799999,59.509351469516666
2019-06-07,28.221001,29.030001,85.27740587891587
2019-06-10,29.660000,30.299999,89.64843749999999
2019-06-11,30.384001,30.500000,99.99999999999999
2019-06-12,29.639999,30.120001,80.61486158683603
2019-06-13,29.870001,30.719999,80.61487673934762
2019-06-14,31.010000,31.059999,82.60459485298465
2019-06-17,31.330000,31.330000,76.44075181665376
2019-06-18,31.910000,32.009998,75.31515396633642
2019-06-19,31.259001,31.900000,77.71314618281414
2019-06-20,32.959999,32.959999,85.17760489763656
2019-06-21,32.502998,32.502998,70.12670268358185
2019-06-24,31.889999,32.000000,56.99649450012082
2019-06-25,31.292999,31.413000,42.32394301364244
2019-06-26,30.740000,31.093000,43.381772544074856
2019-06-27,31.084000,31.420000,13.416541894127118
2019-06-28,31.490000,31.745001,29.844830755933753
2019-07-01,32.490002,32.490002,60.34487574314625
2019-07-02,32.450001,32.584999,74.69058925259142
2019-07-03,33.450001,33.470001,98.56627394307473
2019-07-05,33.129002,33.485001,86.9533885410998
2019-07-08,33.459999,33.799999,86.5898910066461
2019-07-09,33.612000,33.919998,80.42297225918915
2019-07-10,34.209999,34.290001,86.63615593031795
2019-07-11,34.389000,34.669998,79.69641941129555
2019-07-12,35.130001,35.610001,100.0
2019-07-15,36.110001,36.110001,100.00000000000001
2019-07-16,35.900002,36.008999,92.24523633678002
2019-07-17,37.000000,37.000000,93.4579730398671
2019-07-18,34.950001,34.950001,55.5205799176815
2019-07-19,34.619999,34.689999,44.53959080924659
2019-07-22,34.389999,34.389999,28.061187786320335
2019-07-23,34.660000,34.660000,34.422085427135585
2019-07-24,34.669998,35.044998,9.68854671280267
2019-07-25,35.200001,35.200001,59.1240609516469
2019-07-26,34.830002,35.016998,57.44690961212089
2019-07-29,34.259998,34.514000,46.28569632658191
2019-07-30,33.970001,33.970001,30.508513836998034
2019-07-31,33.580002,33.616001,24.651279394158728
2019-08-01,33.095001,33.689999,0.0
2019-08-02,30.881001,30.919001,0.0
2019-08-05,28.761999,28.796000,0.0
2019-08-06,28.620001,29.230000,0.0
2019-08-07,28.020000,29.613001,0.0
2019-08-08,30.540001,31.274000,33.179727931605534
2019-08-09,30.549999,31.009001,46.930050083472445
2019-08-12,29.629999,29.820000,60.353058374550784
2019-08-13,28.749001,30.750000,51.308051635794634
2019-08-14,28.500000,28.809999,55.240176960775976
2019-08-15,28.250000,28.250000,0.4328144149104744
2019-08-16,28.349001,28.500000,4.126761150479416
2019-08-19,29.379999,29.726000,45.01991635053096
2019-08-20,29.636000,30.003000,73.52781245208888
2019-08-21,30.660000,31.219999,90.6015037593985
2019-08-22,31.514000,31.514000,100.0
2019-08-23,30.461000,30.700001,75.03555595911708
2019-08-26,28.930000,29.434000,45.231041706010636
2019-08-27,29.903000,30.030001,52.45630174793008
2019-08-28,28.990000,30.278999,34.31630353117954
2019-08-29,31.250999,31.700001,48.04634497791487
2019-08-30,31.760000,31.860001,60.49781800549541
2019-09-03,30.379999,31.090000,62.011255465332106
2019-09-04,31.180000,31.500000,60.89032546807933
2019-09-05,32.669998,33.410000,78.57141304347827
2019-09-06,33.590000,33.820000,72.93586608990033
2019-09-09,33.990002,34.215000,72.34469150726129
2019-09-10,33.026001,33.332001,78.92435161840702
2019-09-11,33.476002,33.860001,77.17802824050362
2019-09-12,33.880001,34.779999,69.27981312967958
2019-09-13,34.299999,34.500000,63.45714046355554
2019-09-16,34.000000,34.000000,50.19696627026505
2019-09-17,32.500000,33.189999,41.444347538400315
2019-09-18,32.950001,33.259998,41.444347538400315
2019-09-19,33.341999,33.400002,41.214848092551414
2019-09-20,33.320000,33.320000,31.606604662092362
2019-09-23,31.690001,32.289001,21.08161323105652
2019-09-24,32.497002,32.497002,49.95458949081462
2019-09-25,31.090000,31.848000,28.15874310914591
2019-09-26,31.790001,31.790001,33.00484756686485
2019-09-27,31.725000,31.750000,32.696912391484176
2019-09-30,31.219999,32.029999,43.2548623624644
2019-10-01,32.380001,32.389999,48.47536113434244
2019-10-02,30.690001,30.690001,45.145649095086036
2019-10-03,29.620001,29.733999,25.83521083722863
2019-10-04,30.100000,30.670000,33.43527688673726
2019-10-07,30.045000,30.540001,36.81258432938624
2019-10-08,29.480000,29.959999,12.435210475443187
2019-10-09,29.792000,30.250000,31.909722767817488
2019-10-10,30.207001,30.643000,66.06458675424197
2019-10-11,31.930000,32.320000,79.8045602605863
2019-10-14,31.610001,31.632000,73.4632903937902
2019-10-15,31.980000,32.619999,89.80894255346661
2019-10-16,32.611000,32.792999,90.74879488221734
2019-10-17,33.020000,33.411999,90.73271711501634
2019-10-18,33.004002,33.160000,80.7561414802782
2019-10-21,33.490002,33.490002,99.16328320598814
2019-10-22,32.851002,32.929001,69.96796879226851
2019-10-23,32.200001,32.264000,40.66335332274126
2019-10-24,31.879999,32.299999,23.011352740836678
2019-10-25,30.889999,32.078999,15.7485264920351
2019-10-28,32.171001,32.386002,33.0069659791729
2019-10-29,31.961000,31.968000,37.10891580142093
2019-10-30,31.610001,32.173000,40.640874821224834
2019-10-31,32.039001,32.221001,52.43793165413572
2019-11-01,32.169998,32.320000,76.64445322416879
2019-11-04,32.520000,32.672001,61.862652523897246
2019-11-05,32.549999,32.564999,72.81178809865563
2019-11-06,32.400002,32.601002,86.23874421442306
2019-11-07,32.849998,32.860001,86.49881052141744
2019-11-08,31.990000,32.016998,45.10872873360315
2019-11-11,31.500000,31.796000,24.24229415300061
2019-11-12,32.000000,32.180000,38.775489379348734
2019-11-13,31.500000,31.549999,33.92850127535986
2019-11-14,31.895000,31.895000,32.60475963916913
2019-11-15,32.000000,32.202000,50.25125628140707
2019-11-18,32.000000,32.282001,66.66666666666667
2019-11-19,31.700001,31.700001,38.461568047360046
2019-11-20,31.600000,31.600000,55.55555555555564
2019-11-21,31.049999,31.049999,9.9525972013297
2019-11-22,30.882000,31.164000,0.0
2019-11-25,31.530001,31.971001,36.693127580335386
2019-11-26,31.770000,32.650002,52.05155213859779
2019-11-27,33.119999,33.529999,75.71041126874535
2019-11-29,33.240002,33.443001,93.34921086729584
2019-12-02,32.930000,32.930000,88.38075205284558
2019-12-03,31.138000,31.138000,44.85833300760784
2019-12-04,31.510000,31.790001,46.703857298319186
2019-12-05,31.520000,31.559999,19.278111985191916
2019-12-06,32.172001,32.418999,32.971939121231756
2019-12-09,32.500000,32.521999,43.183259353202274
2019-12-10,32.444000,32.444000,96.05077574047971
2019-12-11,32.000000,32.347000,66.4429530201342
2019-12-12,32.750000,33.320000,77.57847533632288
2019-12-13,32.910000,33.395000,71.2312837924532
2019-12-16,33.599998,33.900002,76.19045351471763
2019-12-17,34.130001,34.279999,82.75058945198536
2019-12-18,34.200001,34.318001,100.0
2019-12-19,34.168999,34.599998,97.90668891285158
2019-12-20,34.970001,34.970001,98.53902323510073
2019-12-23,34.973000,34.973000,97.83959091460238
2019-12-24,34.644001,34.720001,70.82654647237217
2019-12-26,34.880001,35.849998,74.28567959188639
2019-12-27,36.369999,36.473999,88.49250681532492
2019-12-30,36.349998,36.349998,83.20498056541956
2019-12-31,35.000000,35.563000,50.39416104427569
2020-01-02,35.840000,36.479000,65.19308830774008
2020-01-03,35.110001,35.785999,52.595939138545454
2020-01-06,35.020000,35.910999,27.722781426660617
2020-01-07,35.900002,35.900002,44.215989717223664
2020-01-08,36.160000,36.570999,70.71428571428568
2020-01-09,36.700001,36.950001,67.20001311999471
2020-01-10,36.650002,36.650002,92.30769653423299
2020-01-13,36.030998,36.521999,71.51971644152145
2020-01-14,36.389999,36.639999,63.40252176829031
2020-01-15,36.240002,36.373001,52.32834420448869
2020-01-16,36.509998,37.000000,43.43910933517147
2020-01-17,37.470001,37.470001,67.38758804597612
2020-01-21,37.099998,37.201000,75.34376481744881
2020-01-22,37.090000,37.794998,69.88642594277135
2020-01-23,36.279999,37.179001,50.82638395603968
2020-01-24,36.919998,36.919998,57.3476597166168
2020-01-27,33.759998,34.505001,12.825628692258825
2020-01-28,34.759998,35.210999,29.181487253198352
2020-01-29,35.286999,35.437000,35.310406499852284
2020-01-30,34.430000,34.758999,35.04204965104298
2020-01-31,36.310001,36.360001,45.89172334432606
2020-02-03,36.283001,36.650002,79.39876965770918
2020-02-04,37.560001,37.980000,80.6480121173353
2020-02-05,38.820000,38.820000,83.32391686925423
2020-02-06,38.630001,38.630001,95.31724111291346
2020-02-07,37.650002,37.988998,67.94325223078647
2020-02-10,38.000000,38.641998,71.16097012690429
2020-02-11,39.169998,40.029999,70.37974497676325
2020-02-12,40.400002,40.817001,70.15309701688624
2020-02-13,40.200001,41.000000,69.97455470737914
2020-02-14,40.599998,40.862999,94.02981733123421
2020-02-18,40.320000,40.770000,85.36587522309466
2020-02-19,41.000000,41.285999,82.79573476702511
2020-02-20,40.930000,41.240002,66.25764725803006
2020-02-21,40.750000,40.750000,67.08076733157557
2020-02-24,34.099998,36.000000,8.651399491094145
2020-02-25,35.459999,35.459999,22.818795474677163
2020-02-26,32.990002,33.500000,12.674753028890985
2020-02-27,29.889999,31.403000,9.883726042792311
2020-02-28,24.809999,26.990000,7.288321443463881
2020-03-02,27.464001,29.673000,27.37317361432619
2020-03-03,30.290001,30.459999,33.9739697490428
2020-03-04,29.190001,30.670000,37.127372246825125
2020-03-05,29.830000,29.830000,49.75610164584539
2020-03-06,24.980000,26.280001,50.70422943626931
2020-03-09,21.010000,23.420000,25.892718205043945
2020-03-10,23.472000,24.325001,23.82121976817845
2020-03-11,23.760000,23.760000,27.764121848003434
2020-03-12,15.550000,16.740000,13.902932254802833
2020-03-13,16.799999,17.480000,24.7218742102518
2020-03-16,14.600000,14.600000,27.758497953989995
2020-03-17,11.390000,12.260000,10.146452057850906
2020-03-18,11.000000,11.000000,8.191344454959948
2020-03-19,9.900000,11.314000,15.337414806727551
2020-03-20,11.340000,11.900000,17.266189120646175
2020-03-23,9.360000,10.050000,17.733990147783246
2020-03-24,11.800000,12.440000,52.7891156462585
2020-03-25,12.810000,14.460000,61.35508155583438
2020-03-26,13.830000,14.940000,74.90494296577947
2020-03-27,13.030000,14.230000,61.655172413793096
2020-03-30,13.400000,14.135000,85.81560283687942
2020-03-31,13.968000,14.270000,78.76857749469214
2020-04-01,12.010000,12.220000,41.518235793044944
2020-04-02,11.110000,11.775000,20.409051348999135
2020-04-03,11.346000,11.380000,29.117063492063508
2020-04-06,12.590000,13.940000,41.74480228291887
2020-04-07,15.880000,15.950000,62.53277399056109
2020-04-08,14.900000,15.810000,71.72932330827066
2020-04-09,16.660000,17.219999,86.95073235685751
2020-04-13,16.900000,16.900000,86.95767899920148
2020-04-14,17.680000,18.549999,86.09929078014183
2020-04-15,16.610001,17.600000,57.556947734357706
2020-04-16,17.320000,18.360001,76.53509935749973
2020-04-17,19.379999,19.476000,77.98354608037825
2020-04-20,19.120001,19.420000,72.74593519050734
2020-04-21,17.270000,17.730000,46.554619532517336
2020-04-22,17.780001,18.370001,60.853436309252785
2020-04-23,18.339001,18.716000,59.72514978529294
2020-04-24,18.216000,19.180000,32.374339075003306
2020-04-27,19.660000,20.360001,56.01870975119725
2020-04-28,21.000000,21.250000,96.90641503701461
2020-04-29,23.410000,23.410000,97.90672261628275
2020-04-30,21.240000,21.520000,69.37357160764368
2020-05-01,18.900000,19.590000,53.52431986809561
2020-05-04,18.170000,19.031000,41.71301446051169
2020-05-05,19.990000,20.000000,44.667370644139375
2020-05-06,19.889999,19.889999,25.418990863269407
2020-05-07,20.000000,20.424999,37.84314202229724
2020-05-08,20.799999,21.340000,76.68537171759228
2020-05-11,20.870001,21.594000,96.55169322238635
2020-05-12,21.670000,21.670000,94.68080353106012
2020-05-13,19.620001,19.959999,46.47522193211487
2020-05-14,18.139999,19.610001,32.11537843935031
2020-05-15,19.150000,20.320000,34.75047980564891
2020-05-18,22.219999,22.889999,58.026147443519626
2020-05-19,22.500000,23.438999,55.25982122691476
2020-05-20,23.549999,23.549999,78.519570821605
2020-05-21,23.533001,23.870001,99.68678816539087
2020-05-22,23.309999,23.539000,94.82758509215199
2020-05-26,25.340000,25.379999,93.33333518518471
2020-05-27,25.450001,25.705000,93.00291749186083
2020-05-28,26.010000,26.240000,91.83673747049751
2020-05-29,24.600000,25.250000,62.31246551179405
2020-06-01,25.309999,25.959999,70.74688796680498
2020-06-02,26.139999,26.336000,61.04971299715828
2020-06-03,27.160000,28.129999,68.87416531438528
2020-06-04,27.820000,28.200001,69.54643628509719
2020-06-05,29.760000,29.896000,100.0
2020-06-08,30.360001,30.850000,100.0
2020-06-09,29.629999,30.639999,85.25249676565919
2020-06-10,30.260000,30.363001,83.99119825333489
2020-06-11,26.270000,27.513000,40.17744477696082
2020-06-12,26.730000,26.750000,26.365069350970757
2020-06-15,23.400000,26.230000,11.925608777152485
2020-06-16,28.370001,28.490000,45.2914879982828
2020-06-17,28.180000,28.190001,41.96290696091082
2020-06-18,27.040001,27.570999,53.81566364562303
2020-06-19,28.450001,28.450001,57.78985889584611
2020-06-22,26.559999,27.430000,66.45832298177409
2020-06-23,28.129999,28.500000,48.064500624354665
2020-06-24,27.389999,27.709999,44.148141607682724
2020-06-25,25.670000,26.290001,40.65483756414223
2020-06-26,26.370001,26.370001,34.290034957693344
2020-06-29,24.690001,25.750000,35.41343213728546
2020-06-30,25.610001,27.090000,28.125017361111098
2020-07-01,27.160000,27.790001,48.249626826427225
2020-07-02,28.730000,29.209999,73.83177570093457
2020-07-06,29.049999,29.865000,72.18542125345076
2020-07-07,29.500000,29.680000,100.0
2020-07-08,28.660000,29.358999,82.24101104461121
2020-07-09,29.770000,29.770000,80.41958041958043
2020-07-10,29.370001,30.370001,60.256429569368414
2020-07-13,31.000000,32.449001,72.00904560023602
2020-07-14,28.760000,30.059999,44.05144503261899
2020-07-15,31.430000,31.530001,67.20497321862689
2020-07-16,30.700001,31.110001,56.06259037650211
2020-07-17,31.340000,31.500000,62.45259005787235
2020-07-20,30.700001,32.270000,47.832376227908775
2020-07-21,32.680000,32.900002,79.42944710477303
2020-07-22,31.850000,33.130001,54.35685008867229
2020-07-23,33.020000,33.109001,72.0532350113508
2020-07-24,31.170000,31.969999,48.68624379791155
2020-07-27,32.310001,32.487999,61.549497847919646
2020-07-28,32.380001,32.410000,47.03558358980562
2020-07-29,32.020000,32.439999,51.8518510449451
2020-07-30,31.500000,32.599998,30.710669690015344
2020-07-31,33.549999,33.549999,78.74394233238107
2020-08-03,33.169998,33.169998,62.72184534856646
2020-08-04,32.599998,33.202000,52.835012155924694
2020-08-05,33.720001,34.549999,68.31896444894538
2020-08-06,34.150002,35.200001,79.12087549813143
2020-08-07,35.020000,35.430000,71.81008444206135
2020-08-10,35.619999,36.485001,84.12256709677797
2020-08-11,37.220001,37.669998,100.0
2020-08-12,37.459999,37.889999,100.0
2020-08-13,37.410000,38.235001,98.51193275230071
2020-08-14,37.660000,37.840000,98.17521764614402
2020-08-17,38.400002,39.139000,98.26392421391498
2020-08-18,39.810001,40.000000,98.1412997333081
2020-08-19,40.419998,40.419998,98.36604414971626
2020-08-20,38.290001,39.244999,58.560329338841754
2020-08-21,38.959999,39.682999,61.69065320765696
2020-08-24,40.639999,41.430000,67.2307700118354
2020-08-25,41.799999,41.869999,65.9200043776056
2020-08-26,42.040001,43.250000,63.77554274262381
2020-08-27,43.779999,43.779999,100.00000000000001
2020-08-28,43.230000,43.500000,89.75793105361844
2020-08-31,43.369999,43.555000,85.63970529488527
2020-09-01,43.049999,44.209000,70.90302401540067
2020-09-02,45.099998,46.299999,81.87500195312704
2020-09-03,45.930000,45.930000,77.63498139716748
2020-09-04,42.029999,42.500999,41.7127014208976
2020-09-08,37.980000,40.230999,25.829603064609582
2020-09-09,39.849998,41.610001,37.40156987413936
2020-09-10,41.580002,42.459999,35.78354255782148
2020-09-11,39.950001,40.150002,27.314121248682582
2020-09-14,40.580002,41.238998,42.6841747676565
2020-09-15,41.349998,41.762001,75.41476621417799
2020-09-16,41.500000,42.299000,66.80245067010128
2020-09-17,38.750000,39.640999,26.138263069139963
2020-09-18,39.459999,39.459999,45.109758526849745
2020-09-21,35.540001,35.715000,19.63852990272887
2020-09-22,36.230000,38.066002,18.856452276509096
2020-09-23,39.000000,39.349998,38.46863043122896
2020-09-24,35.369999,37.546001,35.58019682086951
2020-09-25,35.930000,37.700001,34.74503325367617
2020-09-28,38.875000,40.096001,65.73854971792831
2020-09-29,39.810001,40.090000,66.51291517170245
2020-09-30,39.290001,41.209999,51.688014544348796
2020-10-01,40.880001,41.570000,92.06107112639044
2020-10-02,39.480000,41.250000,74.01893801923188
2020-10-05,41.770000,42.575001,71.49219851753568
2020-10-06,42.880001,43.125000,72.21417591485498
2020-10-07,41.660000,43.160000,65.57160358543877
2020-10-08,43.830002,43.830002,68.00976311980271
2020-10-09,44.299999,45.349998,83.19558082705497
2020-10-12,46.279999,47.480000,82.44603130272925
2020-10-13,46.549999,47.509998,80.03271685761044
2020-10-14,47.349998,47.349998,100.0
2020-10-15,43.029999,45.990002,44.89793679715354
2020-10-16,46.785000,46.880001,61.16854482413885
2020-10-19,45.632999,45.939999,46.85830824511994
2020-10-20,43.560001,45.500000,37.64463432142716
2020-10-21,43.860001,44.528000,34.95690818594035
2020-10-22,43.389999,43.520000,52.32258004578584
2020-10-23,43.270000,44.575001,7.2904009720534155
2020-10-26,43.240002,43.708000,10.023397951952427
2020-10-27,42.189999,42.705002,15.22841093562332
2020-10-28,39.869999,40.099998,0.0
2020-10-29,38.430000,39.709999,0.0
2020-10-30,37.799999,38.131001,0.0
2020-11-02,37.279999,37.655998,0.0
2020-11-03,38.625000,39.980000,21.50281031130134
2020-11-04,40.529999,43.220001,55.65068493150682
2020-11-05,44.150002,44.876999,85.66084256317076
2020-11-06,44.150002,44.150002,92.96346699723934
2020-11-09,47.330002,48.000000,100.0
2020-11-10,43.310001,43.630001,68.40864399010358
2020-11-11,43.529999,44.619999,63.58695406033441
2020-11-12,43.689999,44.130001,46.96567901921887
2020-11-13,42.990002,44.540001,42.995165698147666
2020-11-16,46.000000,46.029999,41.800228212252684
2020-11-17,45.669998,46.070000,76.69682884256652
2020-11-18,45.500000,46.430000,72.54008299780662
2020-11-19,44.549999,45.279999,58.33333979328664
2020-11-20,45.200001,45.412998,71.6242521283264
2020-11-23,45.270000,46.320000,33.17973900484895
2020-11-24,47.130001,48.429001,69.72976493790138
2020-11-25,47.830002,48.480000,77.54136875520685
2020-11-27,48.970001,49.000000,100.0
2020-11-30,48.450001,48.450001,87.87878787878783
2020-12-01,49.009998,49.360001,89.12133436039089
2020-12-02,48.500000,48.500000,69.97086001583085
2020-12-03,47.759998,48.869999,48.99129566719966
2020-12-04,48.450001,48.652000,41.39072847682115
2020-12-07,47.980000,47.990002,42.087527916657216
2020-12-08,47.220001,47.716999,21.766635552079872
2020-12-09,48.459999,48.544998,49.487167061153585
2020-12-10,47.169998,47.779999,43.37078949627434
2020-12-11,46.680000,47.160000,29.176444124548787
2020-12-14,48.020000,48.830002,50.39062530517608
2020-12-15,47.900002,48.830002,57.58930534520681
2020-12-16,49.000000,50.119999,56.22121684471981
2020-12-17,50.389999,50.840000,86.26132969128552
2020-12-18,50.990002,50.990002,97.36268015941981
2020-12-21,47.639999,49.095001,47.103651356150706
2020-12-22,48.139999,48.240002,51.72908426696648
2020-12-23,47.459999,48.485001,38.19018543697437
2020-12-24,48.000000,48.389999,28.924197095347413
2020-12-28,49.540001,50.540001,39.03177077778305
2020-12-29,50.700001,50.700001,84.61539157674589
2020-12-30,50.349998,51.099998,75.87817812859701
2020-12-31,50.730000,51.099998,91.18381907135173
2021-01-04,51.849998,52.130001,92.30763313614668
2021-01-05,48.830002,51.145000,44.11277680145555
2021-01-06,51.029999,53.985001,52.33379198517224
2021-01-07,53.509998,55.810001,67.1739279773287
2021-01-08,57.130001,58.840000,75.7234911627362
2021-01-11,57.000000,57.340000,72.48909955951078
2021-01-12,56.270000,58.680000,90.61134279475986
2021-01-13,58.570000,58.700001,90.71273519025861
2021-01-14,58.330002,59.099998,84.33050303974275
2021-01-15,56.889999,57.095001,47.52064152039609
2021-01-19,57.230000,57.237999,52.27722682090024
2021-01-20,58.189999,60.105000,68.18180526859749
2021-01-21,60.230000,61.555000,66.53385795463826
2021-01-22,59.580002,60.230000,61.510124673987264
2021-01-25,60.540001,61.990002,86.86872196716043
2021-01-26,61.160000,61.169998,87.57173045639045
2021-01-27,58.660000,58.660000,53.47120537867297
2021-01-28,54.230000,56.919998,17.24889399515019
2021-01-29,54.290001,54.299999,19.136513318146207
2021-02-01,53.250000,55.560001,7.861270767483148
2021-02-02,57.000000,60.180000,32.34295715739268
2021-02-03,60.200001,60.200001,56.1698743181392
2021-02-04,59.060001,59.950001,76.27856051842423
2021-02-05,60.410000,62.230000,79.19846572533726
2021-02-08,63.090000,63.090000,90.5940594059406
2021-02-09,61.939999,62.125999,75.94537017380564
2021-02-10,61.529999,61.529999,59.881114413075736
2021-02-11,60.320000,60.814999,59.26469989186763
2021-02-12,58.720001,59.630001,38.01418978924684
2021-02-16,60.310001,60.310001,26.677856825143717
2021-02-17,57.939999,59.860001,22.144846796657355
2021-02-18,57.810001,60.252998,23.043484940140544
2021-02-19,60.410000,60.500000,50.54282280888365
2021-02-22,57.009998,57.389999,41.52624960096633
2021-02-23,53.000000,54.688999,20.783366969094068
2021-02-24,53.970001,55.860001,32.133219105890035
2021-02-25,55.029999,55.450001,38.455139278262315
2021-02-26,51.259998,51.779999,15.367138531415584
2021-03-01,52.599998,53.820000,30.224211699410134
2021-03-02,54.020000,54.084999,55.957942533191016
2021-03-03,51.750000,51.750000,38.74238957987932
2021-03-04,48.349998,49.009998,22.622957941410686
2021-03-05,46.029999,46.259998,25.67443004434509
2021-03-08,46.730000,48.900002,20.969358666920428
2021-03-09,48.680000,52.179001,24.90601975450757
2021-03-10,53.470001,54.000000,56.53495671695516
2021-03-11,54.430000,55.000000,78.35821828358208
2021-03-12,52.580002,54.880001,81.95123726353535
2021-03-15,55.410000,57.119999,85.0565541378204
2021-03-16,57.349998,57.349998,85.04447132310655
2021-03-17,54.380001,58.139999,54.31280029649316
2021-03-18,56.380001,56.689999,58.41243535046748
2021-03-19,53.090000,54.590000,51.957015482892785
2021-03-22,55.299999,56.674999,49.55680481740727
2021-03-23,55.279999,56.000000,40.13346238325901
2021-03-24,54.505001,55.450001,50.7534661250069
2021-03-25,50.099998,52.959999,20.654194331383685
2021-03-26,53.619999,54.096001,52.42451487424382
2021-03-29,53.669998,54.480000,40.70695088860309
2021-03-30,52.310001,54.983002,35.31157968577245
2021-03-31,55.599998,56.900002,54.33662281266284
2021-04-01,57.610001,57.630001,86.70579277784735
2021-04-05,59.770000,61.889999,84.66744344275278
2021-04-06,61.000000,62.750000,86.467686156293
2021-04-07,62.240002,62.564999,100.0
2021-04-08,62.560001,62.849998,100.0
2021-04-09,62.209999,64.239998,93.39619117124869
2021-04-12,64.500000,65.620003,93.55429572427576
2021-04-13,66.110001,67.879997,93.97587437532331
2021-04-14,68.339996,68.790001,94.852910250856
2021-04-15,67.400002,67.400002,82.61459276309296
2021-04-16,67.300003,68.730003,85.49519594866943
2021-04-19,67.529999,67.800003,79.64782675487312
2021-04-20,65.470001,65.830002,44.244585683910486
2021-04-21,62.720001,66.209999,3.782837035671294
2021-04-22,66.309998,66.519997,43.757129160514445
2021-04-23,65.000000,66.720001,38.430555607254654
2021-04-26,66.699997,67.089996,46.3628276624256
2021-04-27,66.809998,67.269997,57.08244181576034
2021-04-28,66.250000,67.379997,74.27787737288817
2021-04-29,67.379997,67.410004,61.1226715393024
2021-04-30,66.050003,67.699997,60.86962552901288
2021-05-03,68.320000,68.320000,65.00006388904272
2021-05-04,64.570000,64.570000,37.610611343867106
2021-05-05,65.065002,65.410004,43.39833247725071
2021-05-06,64.050003,64.050003,31.207691835387678
2021-05-07,64.760002,66.032997,42.17232117924313
2021-05-10,66.059998,66.059998,34.45664894451112
2021-05-11,58.790001,60.595001,23.215927943604804
2021-05-12,58.209999,58.430000,18.482724540604234
2021-05-13,55.209999,56.490002,15.629828443154738
2021-05-14,56.439999,58.150002,18.908796303735492
2021-05-17,57.400002,57.900002,16.794498957898927
2021-05-18,58.169998,58.683998,45.25991662692408
2021-05-19,53.259998,54.900002,27.230904069080395
2021-05-20,55.439999,56.640999,51.14427860696516
2021-05-21,57.590000,57.590000,55.241571992564104
2021-05-24,56.750000,58.070000,47.00459852619328
2021-05-25,57.869999,58.544998,48.660718869578666
2021-05-26,58.400002,60.227001,87.68329168135381
2021-05-27,60.279999,60.590000,87.11656441717787
2021-05-28,60.950001,61.119999,83.33333664021093
2021-06-01,61.000000,61.000000,100.0
2021-06-02,59.450001,59.450001,66.88036324786324
2021-06-03,57.380001,57.865002,41.80063109355197
2021-06-04,57.680000,58.099998,21.982763358354223
2021-06-07,57.820000,58.049999,11.922101159684544
2021-06-08,59.189999,59.740002,33.3333149171169
2021-06-09,59.959999,59.959999,55.48385182101156
2021-06-10,58.799999,59.481998,68.9839406331233
2021-06-11,59.709999,60.209999,73.3333272030637
2021-06-14,60.380001,60.509998,76.22951306772269
2021-06-15,59.875000,59.875000,58.53051666462016
2021-06-16,59.169998,59.610001,39.999999999999964
2021-06-17,58.709999,60.520000,48.61538631952458
2021-06-18,58.349998,59.549999,24.814842935475948
2021-06-21,59.509998,60.799999,36.36360216589144
2021-06-22,60.410000,62.761002,57.46163742076713
2021-06-23,62.470001,63.810001,83.400819797073
2021-06-24,64.790001,65.324997,94.70587076125243
2021-06-25,65.809998,66.199997,99.99999999999999
2021-06-28,65.269997,65.540001,92.10524969221508
2021-06-29,65.459999,66.235001,91.1908497241682
2021-06-30,65.550003,66.900002,87.01921921228941
2021-07-01,66.540001,67.143997,80.91870606451891
2021-07-02,67.599998,68.885002,81.1846472580858
2021-07-06,69.110001,69.589996,100.0
2021-07-07,69.699997,70.139999,100.0
2021-07-08,65.389999,69.084999,49.05434898756405
2021-07-09,69.430000,70.430000,62.55430171776793
2021-07-12,70.589996,71.870003,62.87682836011803
2021-07-13,71.360001,71.720001,60.34958982505607
2021-07-14,70.209999,70.664001,52.2309794871427
2021-07-15,68.279999,69.174004,65.96684377156079
2021-07-16,68.519997,68.814003,41.33330641270348
2021-07-19,61.970001,63.000000,9.492508506343171
2021-07-20,63.500000,66.919998,15.526296283463266
2021-07-21,67.019997,68.335999,38.41683254671938
2021-07-22,68.120003,69.300003,49.38177724320777
2021-07-23,69.940002,71.239998,54.8898253904598
2021-07-26,71.629997,72.650002,100.0
2021-07-27,71.375000,71.375000,96.958888700457
2021-07-28,70.190002,70.540001,76.19841008133069
2021-07-29,70.510002,72.560997,72.67555966435609
2021-07-30,67.690002,69.555000,32.05738765133591
2021-08-02,68.889999,69.720001,26.29756234956718
2021-08-03,68.900002,69.760002,27.6422864109435
2021-08-04,68.959999,69.190002,36.05437826828434
2021-08-05,68.550003,69.650002,28.22219945675463
2021-08-06,69.709999,69.709999,85.56346521060482
2021-08-09,67.769997,68.219002,34.35748774997935
2021-08-10,68.360001,69.179001,43.50959556441765
2021-08-11,68.849998,69.599998,48.80173072083959
2021-08-12,69.040001,69.400002,55.606381873509456
2021-08-13,69.820000,69.820000,51.378456919226885
2021-08-16,67.650002,67.870003,48.57825863074436
2021-08-17,65.400002,65.400002,24.829927634316803
2021-08-18,63.230000,65.550003,12.83071089134626
2021-08-19,62.470001,63.167000,9.594086001005062
2021-08-20,62.900002,64.320000,5.527005141388148
2021-08-23,65.269997,67.080002,35.08768236379037
2021-08-24,67.519997,68.639999,63.28318168540667
2021-08-25,68.099998,69.129997,88.10642447976502
2021-08-26,68.110001,68.167000,100.0
2021-08-27,67.699997,69.059998,92.70455905450582
2021-08-30,69.597000,71.000000,92.03413398572489
2021-08-31,70.389999,70.834999,88.88881059942925
2021-09-01,71.110001,71.870003,89.29496547137852
2021-09-02,71.180000,71.919998,89.46007038033609
2021-09-03,70.500000,70.720001,83.65385794192927
2021-09-07,71.029999,71.717003,75.65341054543875
2021-09-08,71.330002,72.004997,70.43482117197213
2021-09-09,72.094002,72.919998,70.98977346852664
2021-09-10,72.370003,72.589996,73.33336470584521
2021-09-13,71.160004,71.160004,60.71434369198465
2021-09-14,71.199997,71.199997,53.28181974026202
2021-09-15,69.699997,71.129997,28.495936536030555
2021-09-16,70.919998,72.500000,36.17515710102278
2021-09-17,71.709999,72.820000,43.06717613509595
2021-09-20,67.400002,67.495003,26.08138786909704
2021-09-21,67.860001,67.900002,29.830937157231183
2021-09-22,68.220001,70.156998,39.63587944982616
2021-09-23,70.889999,72.209999,49.82538406599769
2021-09-24,70.580002,72.489998,43.03330299626718
2021-09-27,71.419998,74.010002,93.31901577374072
2021-09-28,72.000000,72.292999,93.48744840591135
2021-09-29,70.220001,71.349998,66.18125072006559
2021-09-30,69.910004,69.910004,37.172810093008096
2021-10-01,67.239998,68.199997,22.97731391585769
2021-10-04,68.010002,68.209999,22.09499562030025
2021-10-05,66.830002,68.287003,11.475459187368823
2021-10-06,65.629997,67.379997,12.561215214586872
2021-10-07,69.120003,71.106003,45.757254468061866
2021-10-08,70.790001,70.790001,71.35979209659482
2021-10-11,69.220001,70.699997,56.64104173771945
2021-10-12,69.709999,70.779999,67.10210573459145
2021-10-13,70.919998,71.459999,81.37604016891571
2021-10-14,72.110001,73.669998,74.38824612993342
2021-10-15,74.279999,76.839996,76.31975152933676
2021-10-18,76.160004,79.693001,99.99999999999999
2021-10-19,79.800003,80.430000,100.0
2021-10-20,79.099998,79.680000,92.69306608239444
2021-10-21,78.089996,82.300003,81.80845358765079
2021-10-22,82.360001,82.360001,85.13039460119009
2021-10-25,83.150002,88.435997,83.57343872418204
2021-10-26,88.459999,92.500000,85.84432463218155
2021-10-27,88.739998,90.169998,91.33789319454777
2021-10-28,89.919998,92.077003,100.00000000000001
2021-10-29,88.260002,92.250000,81.99569131993914
2021-11-01,94.050003,97.320000,88.3263233673884
2021-11-02,95.000000,97.000000,83.16432881848897
2021-11-03,94.980003,100.379997,82.50005651046958
2021-11-04,102.309998,105.480003,89.33336829632732
2021-11-05,106.540001,108.629997,99.89084602816168
2021-11-08,103.209999,105.629997,78.87767801173186
2021-11-09,103.400002,103.400002,77.81457615894035
2021-11-10,95.059998,98.860001,50.170783467314926
2021-11-11,97.650002,97.650002,37.526787985620615
2021-11-12,94.989998,95.620003,16.24783306761184
2021-11-15,96.040001,96.040001,25.826064405316362
2021-11-16,95.750000,100.089996,24.380462820669486
2021-11-17,100.860001,103.080002,74.78631006649307
2021-11-18,103.550003,105.272003,74.99998093222115
2021-11-19,104.620003,107.017998,97.15963955754385
2021-11-22,108.379997,111.458000,97.75540986925847
2021-11-23,106.599998,107.400002,87.64747054752824
2021-11-24,99.839996,104.610001,46.824392308417
2021-11-26,99.059998,99.303001,34.13425010174914
2021-11-29,99.500000,102.018997,31.06507066015931
2021-11-30,98.470001,100.949997,4.077868396663633
2021-12-01,100.059998,101.334999,19.15093757564861
2021-12-02,92.080002,95.431000,17.17428404350867
2021-12-03,95.879997,95.879997,39.28570297457772
2021-12-06,90.419998,93.959999,27.139958708933655
2021-12-07,96.790001,99.089996,46.666665343914836
2021-12-08,99.160004,99.440002,48.26790966403538
2021-12-09,97.570000,97.997002,64.01224318279874
2021-12-10,96.029999,96.040001,50.43278105436754
2021-12-13,95.029999,95.029999,67.90985648730215
2021-12-14,85.239998,87.349998,14.548813324780836
2021-12-15,86.010002,90.300003,5.241684655081923
2021-12-16,92.110001,92.110001,35.78125630696451
2021-12-17,81.550003,85.029999,24.344445475234192
2021-12-20,78.320000,78.699997,22.561582502203187
2021-12-21,80.699997,84.620003,40.14756770192848
2021-12-22,85.419998,89.250000,48.90699510240795
2021-12-23,90.180000,93.481003,46.237814961488716
2021-12-27,93.019997,96.235001,81.9854824316787
2021-12-28,95.839996,97.000000,100.0
2021-12-29,96.519997,96.705002,100.0
2021-12-30,96.762001,97.584000,100.0
2021-12-31,94.919998,95.920998,78.1338779041416
2022-01-03,99.250000,102.480003,81.42020044565226
2022-01-04,102.629997,104.599998,82.41357868101488
2022-01-05,100.019997,100.940002,64.10834532005227
2022-01-06,91.879997,93.290001,37.976545367299245
2022-01-07,91.699997,92.459999,41.362657798425815
2022-01-10,83.510002,85.540001,15.022214230120625
2022-01-11,86.000000,88.330002,11.522437790701735
2022-01-12,90.139999,91.190002,28.65168233420306
2022-01-13,90.860001,91.485001,46.75573667521754
2022-01-14,82.309998,84.110001,30.510584953580516
2022-01-18,79.940002,80.400002,40.22988398794571
2022-01-19,79.010002,79.514999,29.084386594853374
2022-01-20,75.769997,78.309998,4.554090618308395
2022-01-21,68.839996,69.665001,0.0
2022-01-24,59.919998,66.510002,0.0
2022-01-25,62.650002,65.338997,12.000013362632664
2022-01-26,67.419998,67.899002,28.20608827287128
2022-01-27,64.250000,64.250000,28.280546185582153
2022-01-28,57.680000,61.320000,28.669729154392847
2022-01-31,61.939999,68.570000,54.69767739967591
2022-02-01,69.080002,69.875000,62.40833846520083
2022-02-02,71.239998,71.239998,58.197426299987335
2022-02-03,63.400002,66.570000,48.480518086632415
2022-02-04,66.260002,69.430000,67.68343800909432
2022-02-07,68.220001,70.059998,64.29873341495448
2022-02-08,66.029999,70.000000,41.034672971352805
2022-02-09,72.410004,73.549004,52.75554849217631
2022-02-10,68.940002,72.779999,66.42941094689876
2022-02-11,69.010002,69.540001,59.77256018617759
2022-02-14,62.740002,66.072998,35.09250185894902
2022-02-15,66.540001,68.150002,51.27564243852653
2022-02-16,66.660004,69.160004,29.06045766629055
2022-02-17,66.910004,67.919998,40.342542275443876
2022-02-18,63.230000,63.849998,29.53257951873392
2022-02-22,59.880001,60.750000,37.232144092792836
2022-02-23,57.590000,57.950001,3.8183976544082703
2022-02-24,44.849998,54.348999,1.1205734323872436
2022-02-25,55.130001,57.599998,31.78726078895031
2022-02-28,56.009998,59.125999,37.77927977120653
2022-03-01,58.779999,58.830002,48.10082553856
2022-03-02,58.349998,60.270000,51.40221012513503
2022-03-03,60.490002,60.570000,97.3939342809936
2022-03-04,54.470001,54.869999,47.303922449698554
2022-03-07,52.880001,53.470001,37.9150760304608
2022-03-08,45.180000,49.360001,11.968697775118313
2022-03-09,49.299999,50.259998,29.021796703338726
2022-03-10,49.250000,51.040001,21.14989219712526
2022-03-11,51.939999,51.939999,42.167175500579006
2022-03-14,48.000000,48.757999,36.81080596931989
2022-03-15,46.320000,50.297001,54.567309156188834
2022-03-16,52.119999,55.150002,59.95762993153389
2022-03-17,54.220001,57.880001,65.33004721345142
2022-03-18,56.910000,61.669998,65.3300472134514
2022-03-21,62.110001,62.325001,90.38351514690812
2022-03-22,61.680000,65.000000,97.34894607287967
2022-03-23,63.279999,64.893997,96.42262122751728
2022-03-24,63.209999,63.549999,94.99498498498507
2022-03-25,64.099998,64.099998,93.8949816849818
2022-03-28,65.000000,68.120003,87.14650716028112
2022-03-29,70.849998,72.300003,99.24812013923103
2022-03-30,70.839996,70.839996,98.96370479744765
2022-03-31,68.860001,68.860001,79.33543274576643
2022-04-01,65.120003,65.857002,54.08656013083338
2022-04-04,64.860001,69.050003,49.408787757089414
2022-04-05,68.550003,68.550003,38.11985930990286
2022-04-06,61.709999,61.709999,22.3501016141671
2022-04-07,59.580002,60.689999,22.14886756022796
2022-04-08,59.599998,60.230000,28.670770581857013
2022-04-11,56.009998,58.118000,22.802693472814624
2022-04-12,57.279999,59.014999,9.314059106723288
2022-04-13,55.430000,60.099998,14.559797056273004
2022-04-14,58.990002,59.330002,47.13313841266051
2022-04-18,57.000000,58.590000,39.3964227091606
2022-04-19,58.240002,62.990002,61.25127472173073
2022-04-20,63.730000,63.730000,72.82377788596368
2022-04-21,65.690002,66.330002,86.02527274216038
2022-04-22,57.959999,58.216999,47.20260019455725
2022-04-25,53.009998,55.590000,40.664480861633834
2022-04-26,54.279999,54.279999,40.74765870381806
2022-04-27,48.020000,49.764999,14.569247297452259
2022-04-28,48.910000,51.153999,10.23696962332324
2022-04-29,46.570000,48.150002,13.749209818637123
2022-05-02,42.380001,44.470001,14.448168190512858
2022-05-03,44.200001,44.580002,17.483873223725556
2022-05-04,43.730000,47.950001,27.909371781668337
2022-05-05,45.810001,45.810001,35.779822405520896
2022-05-06,39.020000,40.189999,25.407169328056128
2022-05-09,35.639999,37.099998,26.82255795803084
2022-05-10,35.660000,36.035000,16.483525712901972
2022-05-11,32.480000,33.610001,13.592242435665371
2022-05-12,28.100000,31.889999,0.11268167109601904
2022-05-13,32.130001,34.000000,27.018019943024665
2022-05-16,33.430000,33.430000,41.44074814556558
2022-05-17,33.340000,33.880001,41.063174114021585
2022-05-18,31.170000,31.170000,44.5279866332498
2022-05-19,26.580000,28.600000,43.76026272577995
2022-05-20,27.750000,27.809999,26.502138036710097
2022-05-23,26.200001,26.440001,12.225706606656923
2022-05-24,25.209999,25.209999,11.174784032971925
2022-05-25,23.809999,27.030001,12.061854426612959
2022-05-26,27.690001,30.825001,56.17352964175875
2022-05-27,31.389999,33.389999,65.7986053994266
2022-05-31,33.330002,34.840000,79.93282118689288
2022-06-01,34.799999,35.080002,88.70056497175142
2022-06-02,33.029999,35.939999,86.12852664576799
2022-06-03,33.980000,34.459999,81.99389440426187
2022-06-06,34.240002,34.889000,72.30048248803635
2022-06-07,31.600000,33.709999,37.799707249729984
2022-06-08,33.000000,34.105000,37.17950343340212
2022-06-09,32.689999,33.980000,46.942449342680604
2022-06-10,29.139999,29.590000,20.34314929954087
2022-06-13,24.590000,25.129999,11.244978113256522
2022-06-14,23.900000,24.120001,13.33333333333332
2022-06-15,23.930000,26.219999,0.32858707557503974
2022-06-16,23.370001,23.370001,0.31982949250096987
2022-06-17,21.750000,22.920000,0.40268461781003095
2022-06-21,23.590000,25.000000,39.45147679324895
2022-06-22,23.340000,25.594000,43.48837209302327
2022-06-23,24.610001,25.480000,56.13719203299783
2022-06-24,26.040001,28.120001,70.82682657509314
2022-06-27,28.600000,28.700001,96.5986394557823
2022-06-28,27.549999,28.372000,80.182914606263
2022-06-29,23.920000,24.195999,52.91750503018109
2022-06-30,23.000000,23.620001,41.60583332698992
2022-07-01,22.889999,24.200001,30.95524788391778
2022-07-05,23.090000,25.785000,3.384110529911838
2022-07-06,25.590000,26.340000,36.684791211305544
2022-07-07,25.940001,27.570000,74.75489601355682
2022-07-08,26.799999,28.080000,97.26365739710013
2022-07-11,27.139999,27.139999,100.0
2022-07-12,25.230000,26.309999,67.95302615873362
2022-07-13,23.389999,25.990000,29.2452696689188
2022-07-14,24.290001,25.430000,35.89743589743591
2022-07-15,26.219999,26.811001,45.80924855491331
2022-07-18,27.350000,28.542999,51.36187401272712
2022-07-19,27.879999,29.330000,70.93205830457215
2022-07-20,29.180000,30.773001,99.99999999999999
2022-07-21,31.080000,32.770000,100.0
2022-07-22,33.020000,34.080002,100.0
2022-07-25,32.189999,32.189999,87.23075581065292
2022-07-26,29.379999,29.549999,58.54213928425074
2022-07-27,29.340000,31.878000,51.06382978723404
2022-07-28,31.709999,33.119999,53.94242227064109
2022-07-29,35.509998,37.340000,62.63958632275863
2022-08-01,36.980000,39.013000,72.83127481709005
2022-08-02,36.700001,38.700001,95.97992361304615
2022-08-03,38.000000,39.889999,96.96313383148242
2022-08-04,39.930000,40.340000,96.81094496707806
2022-08-05,38.209999,39.560001,70.14925818667793
2022-08-08,38.950001,40.750000,66.49916809059167
2022-08-09,37.669998,37.730000,56.958366600884794
2022-08-10,39.580002,40.130001,60.4221630314472
2022-08-11,40.820000,41.029999,56.45862820478584
2022-08-12,39.799999,41.595001,62.84327903938086
2022-08-15,41.310001,42.820000,66.9540035011454
2022-08-16,42.790001,45.180000,85.7541859258478
2022-08-17,42.119999,43.720001,71.45266649358118
2022-08-18,42.349998,42.500000,65.5804150057719
2022-08-19,41.099998,41.250000,62.64589728838681
2022-08-22,37.840000,37.840000,24.8185667370924
2022-08-23,36.230000,37.455002,3.2763394980540514
2022-08-24,36.400002,38.169998,6.134985603525442
2022-08-25,38.110001,38.613998,23.500015437501922
2022-08-26,38.410000,38.810001,30.92199458779987
2022-08-29,32.810001,34.259998,23.21618990587751
2022-08-30,34.230000,34.520000,39.130432419659215
2022-08-31,33.000000,33.009998,33.43078301395047
2022-09-01,30.639999,32.327999,15.765337445524722
2022-09-02,33.180000,33.619999,30.114068441064635
2022-09-06,31.990000,31.990000,45.30891930103897
2022-09-07,31.160000,34.130001,31.16564879370583
2022-09-08,33.139999,34.970001,50.786511147583035
2022-09-09,35.799999,37.060001,78.04347826086958
2022-09-12,37.680000,38.733002,76.34660421545668
2022-09-13,34.590000,35.160000,62.45210727969352
2022-09-14,32.930000,34.087002,57.85270629991127
2022-09-15,33.290001,35.106998,50.777212274152866
2022-09-16,31.500000,32.400002,25.512542535577705
2022-09-19,31.450001,33.702000,5.179869758292082
2022-09-20,32.750000,32.970001,32.17054263565887
2022-09-21,32.410000,32.639000,43.22916666666662
2022-09-22,29.290001,29.395000,19.696960514230465
2022-09-23,26.360001,26.480000,16.795859223201248
2022-09-26,25.500000,27.100000,15.204668444990459
2022-09-27,26.530001,27.410000,12.439624101494658
2022-09-28,26.000000,28.219999,12.160575640950254
2022-09-29,26.520000,26.520000,26.405454988694196
2022-09-30,24.340000,25.500000,30.273439292906644
2022-10-03,23.480000,24.125000,30.27344520568545
2022-10-04,25.360001,26.660000,40.20100830786993
2022-10-05,24.590000,25.754999,38.64734665141815
2022-10-06,25.190001,25.989000,39.427675948644215
2022-10-07,23.740000,23.740000,44.604320428546444
2022-10-10,22.330000,22.490000,40.58920419692031
2022-10-11,21.490000,22.660000,11.834332247929614
2022-10-12,21.389999,21.875000,13.636377066106526
2022-10-13,19.650000,22.600000,0.0
2022-10-14,23.000000,23.000000,45.02688172043012
2022-10-17,21.090000,22.280001,42.191435768261975
2022-10-18,24.440001,24.440001,64.11483596987215
2022-10-19,22.530001,22.900000,54.649274061990205
2022-10-20,21.530001,22.555000,58.15972585419046
2022-10-21,20.820000,22.819000,37.72522798981351
2022-10-24,22.600000,23.230000,58.628569456326986
2022-10-25,23.080000,24.959999,38.43536761303271
2022-10-26,23.780001,25.570000,63.383291912937096
2022-10-27,24.430000,24.879999,83.56479547111219
2022-10-28,21.910000,24.040001,58.890701468189235
2022-10-31,23.420000,23.969999,56.99658703071673
2022-11-01,24.559999,24.695999,61.34968732357169
2022-11-02,22.670000,23.059999,42.801547134194756
2022-11-03,19.850000,20.405001,26.8218576562465
2022-11-04,21.000000,21.656000,44.65334774461756
2022-11-07,20.719999,20.719999,31.45603454066407
2022-11-08,19.809999,20.420000,16.312056737588637
2022-11-09,19.440001,19.583000,20.795663796684206
2022-11-10,20.430000,21.860001,57.83784207450921
2022-11-11,22.020000,23.709999,62.31884653084372
2022-11-14,22.690001,23.309999,71.74396103486134
2022-11-15,23.850000,24.073000,92.25945120886054
2022-11-16,21.980000,22.570000,70.2229251947333
2022-11-17,20.990000,21.360001,54.45859872611464
2022-11-18,22.000000,22.000000,49.824561403508774
2022-11-21,21.030001,21.110001,36.166662055554035
2022-11-22,20.580000,21.120001,19.092627599243862
2022-11-23,21.110001,22.090000,38.9873572183906
2022-11-25,21.940001,22.170000,62.532991416097246
2022-11-28,21.790001,22.340000,46.41640054047763
2022-11-29,21.660000,21.780001,65.07172477742859
2022-11-30,21.549999,23.549999,77.71420963278352
2022-12-01,23.750000,24.000000,88.59644275165843
2022-12-02,22.420000,23.520000,56.122431538955496
2022-12-05,22.600000,22.709999,60.25314411153614
2022-12-06,21.350000,21.350000,46.94280199494992
2022-12-07,20.090000,20.427000,38.263675520309405
2022-12-08,20.110001,20.743999,4.9505185766043205
2022-12-09,20.150000,20.903000,8.72727272727267
2022-12-12,20.200001,20.480000,4.198509847897019
2022-12-13,22.889999,22.889999,68.96550959741613
2022-12-14,20.340000,20.799999,52.3364494715699
2022-12-15,19.000000,19.260000,41.67914918102662
2022-12-16,18.520000,18.850000,38.53726822426674
2022-12-19,18.000000,18.000000,35.488114309280064
2022-12-20,16.799999,17.170000,0.0
2022-12-21,17.150000,17.469999,8.997450386914942
2022-12-22,16.680000,16.680000,11.589429410973871
2022-12-23,15.810000,16.299999,10.263952924367763
2022-12-27,15.920000,15.940000,15.333356444428999
2022-12-28,15.360000,15.745000,19.49155953747473
2022-12-29,15.540000,16.252001,13.242009132420065
2022-12-30,15.590000,16.030001,19.209039548022595
2023-01-03,16.209999,16.430000,63.15787049859899
2023-01-04,16.139999,16.650000,57.432403670543
2023-01-05,16.040001,16.190001,83.33348039258942
2023-01-06,15.810000,17.230000,62.61684601279635
2023-01-09,17.530001,18.155001,85.40149102244199
2023-01-10,17.230000,18.000000,71.07439211801983
2023-01-11,18.299999,19.480000,81.5789473684211
2023-01-12,19.840000,19.840000,89.09461578521663
2023-01-13,18.549999,20.110001,73.1418717186461
2023-01-17,20.180000,20.590000,72.7272524559593
2023-01-18,20.650000,21.080000,78.49999050000316
2023-01-19,18.870001,19.020000,54.247405589446906
2023-01-20,18.549999,19.690001,38.25136343277043
2023-01-23,19.889999,20.750000,62.093858449870595
2023-01-24,20.270000,20.752001,51.04895055992981
2023-01-25,19.459999,20.840000,37.14902560538298
2023-01-26,21.719999,22.259001,77.88645566617954
2023-01-27,21.950001,24.070000,83.864534769295
2023-01-30,23.010000,23.354000,82.91138212359782
2023-01-31,22.510000,23.910000,73.04525800606669
2023-02-01,23.900000,25.820000,90.80882521896595
2023-02-02,26.600000,28.450001,91.49660008561223
2023-02-03,25.170000,26.820000,72.74010914408322
2023-02-06,24.559999,25.209999,61.689281796488416
2023-02-07,24.780001,25.129000,67.87401517763061
2023-02-08,24.730000,24.959999,58.28342652021836
2023-02-09,25.400000,25.860001,29.86579883785382
2023-02-10,23.580000,23.834000,26.409523549526856
2023-02-13,23.400000,24.440001,30.272145980803334
2023-02-14,23.790001,25.412001,34.08361152179325
2023-02-15,24.790001,26.160000,50.738928389426505
2023-02-16,25.170000,25.957001,46.94960212201596
2023-02-17,23.910000,24.450001,55.140186915887874
2023-02-21,23.150000,23.445999,46.70184696569921
2023-02-22,22.299999,22.620001,32.47056470588236
2023-02-23,22.469999,22.469999,16.081842105263227
2023-02-24,21.040001,21.209999,3.8031328418642043
2023-02-27,21.730000,22.332001,22.051267718598858
2023-02-28,22.049999,22.290001,34.104018009264195
2023-03-01,21.660000,21.780001,39.333332222220385
2023-03-02,19.889999,20.870001,21.956497353475946
2023-03-03,21.250000,22.180000,52.31787026884553
2023-03-06,22.350000,22.500000,56.275303643724705
2023-03-07,21.670000,21.780001,46.41510444998031
2023-03-08,20.629999,20.670000,41.344533775865344
2023-03-09,20.490000,21.150000,56.94445441100591
2023-03-10,19.379999,19.848000,27.027020386481503
2023-03-13,18.000000,19.320000,0.0
2023-03-14,19.590000,19.740000,30.22813688212927
2023-03-15,18.680000,19.559999,30.994158088529833
2023-03-16,19.040001,20.787001,36.448610009605616
2023-03-17,20.479000,20.530001,59.67600980384041
2023-03-20,19.629999,20.389999,65.83137804363288
2023-03-21,20.780001,21.700001,62.63806543878583
2023-03-22,21.740000,22.014000,82.1563547051893
2023-03-23,20.750000,21.287001,65.8685846569071
2023-03-24,19.780001,19.995001,42.89490894594247
2023-03-27,20.520000,20.559999,59.25157156997328
2023-03-28,19.990000,20.020000,40.572773679790224
2023-03-29,20.410000,21.040001,31.780811934691513
2023-03-30,21.700001,21.870001,62.025332158311926
2023-03-31,21.990000,23.330000,83.79204397310211
2023-04-03,22.860001,23.000000,84.41176929065607
2023-04-04,22.790001,22.940001,97.61904842889508
2023-04-05,22.190001,22.245001,78.52564790844615
2023-04-06,21.000000,21.190001,38.41058330775387
2023-04-10,20.549999,21.459999,27.358496202676577
2023-04-11,21.610001,21.809999,31.454027947741316
2023-04-12,21.969999,22.063000,38.79779300667051
2023-04-13,20.969999,21.889999,34.975352228890564
2023-04-14,21.610001,22.320000,58.689465507579335
2023-04-17,22.180000,22.500000,72.45179822264511
2023-04-18,22.690001,22.820000,67.53246753246752
2023-04-19,21.840000,22.700001,48.179287244296404
2023-04-20,21.320000,21.930000,55.66344110345523
2023-04-21,21.780001,22.299999,52.92096019177991
2023-04-24,22.250000,22.549999,51.24555071491052
2023-04-25,21.540001,21.665001,30.897009966777418
2023-04-26,20.879999,21.190001,32.978711709676716
2023-04-27,20.780001,22.090000,38.75001614584003
2023-04-28,21.530001,22.188999,45.35315639639881
2023-05-01,21.879999,22.010000,42.80152856209564
2023-05-02,21.330000,21.570000,45.64312735659004
2023-05-03,21.230000,22.020000,59.459512052735214
2023-05-04,20.980000,21.129999,54.99998249997378
2023-05-05,21.000000,21.879999,29.133769607329896
2023-05-08,22.070000,22.070000,54.77389687130493
2023-05-09,21.600000,21.990000,57.068062827225226
2023-05-10,22.582001,22.860001,74.21204362032825
2023-05-11,22.200001,22.650000,70.8618430705051
2023-05-12,22.695000,22.980000,74.93380406001765
2023-05-15,22.000000,22.136000,48.842592592592595
2023-05-16,21.520000,22.350000,48.681608437705975
2023-05-17,22.240000,23.183001,43.831148568235356
2023-05-18,23.200001,24.198999,64.92537313432835
2023-05-19,24.000000,24.000000,67.85225718194253
2023-05-22,23.709999,23.740000,76.30766882840959
2023-05-23,22.870001,23.570000,68.69807997176729
2023-05-24,22.450001,22.690001,53.172221502181756
2023-05-25,22.320000,22.426001,32.25803720082145
2023-05-26,22.209999,24.129999,0.0
2023-05-30,24.330000,24.629999,58.56354735813608
2023-05-31,23.799999,23.799999,64.04829118031282
2023-06-01,23.510000,24.600000,66.6666352201555
2023-06-02,25.129999,26.266001,80.08563595596664
2023-06-05,26.020000,26.490000,84.95413120107688
2023-06-06,25.930000,27.120001,73.39181286549713
2023-06-07,27.660000,27.850000,91.7749116395913
2023-06-08,26.889999,27.709999,83.13723860054144
2023-06-09,28.360001,29.118000,82.62625646363112
2023-06-12,28.570000,29.584999,79.85947079181695
2023-06-13,30.230000,30.389999,86.81505588525484
2023-06-14,30.410000,30.760000,82.05126710896639
2023-06-15,29.520000,31.080000,79.81859868058987
2023-06-16,31.610001,31.610001,82.30616302186878
2023-06-20,30.620001,31.510000,67.64200212702198
2023-06-21,31.100000,31.530001,59.39524838012959
2023-06-22,29.850000,31.410000,45.08771929824563
2023-06-23,30.360001,31.083000,57.894744756626935
2023-06-26,29.670000,30.980000,25.255095598189932
2023-06-27,29.400000,31.100000,30.937490332034297
2023-06-28,30.629999,32.009998,44.05062175933627
2023-06-29,31.639999,31.700001,74.12396923882227
2023-06-30,32.310001,32.845001,75.19378542956822
2023-07-03,33.750000,34.293999,94.1558441558441
2023-07-05,33.419998,33.900002,92.94867822706058
2023-07-06,32.240002,32.650002,67.3866452238974
2023-07-07,31.900000,33.160000,53.28284008009087
2023-07-10,32.000000,32.528999,45.42771251554942
2023-07-11,32.840000,33.424999,33.691756272401534
2023-07-12,34.360001,34.750000,61.809085881679835
2023-07-13,34.990002,35.369999,90.08741680767723
2023-07-14,34.880001,35.645000,96.56247197268262
2023-07-17,35.650002,35.990002,97.15759983710619
2023-07-18,35.599998,36.418999,94.80504596091963
2023-07-19,36.490002,37.029999,93.46921299537028
2023-07-20,35.500000,35.500000,59.074658755905745
2023-07-21,33.900002,33.900002,38.60468664135354
2023-07-24,32.610001,33.560001,18.464778800205515
2023-07-25,33.459999,33.540001,30.960873152558865
2023-07-26,32.259998,33.384998,14.333861720067546
2023-07-27,34.290001,34.360001,41.319951030136124
2023-07-28,33.230000,33.992001,44.79003434523521
2023-07-31,34.060001,34.299999,62.144045464626174
2023-08-01,33.650002,33.724998,51.71792792230747
2023-08-02,32.279999,32.279999,50.175447152959585
2023-08-03,30.889999,31.750000,16.40316885124997
2023-08-04,34.040001,34.618999,55.66433869626664
2023-08-07,33.279999,33.939999,44.49151596764181
2023-08-08,32.560001,33.168999,42.625167371334655
2023-08-09,32.939999,32.939999,55.156250000000036
2023-08-10,32.779999,33.537998,68.27852998065762
2023-08-11,31.500000,31.889999,11.515101377364912
2023-08-14,31.340000,32.009998,14.074026063011258
2023-08-15,31.510000,32.039001,25.58133802047173
2023-08-16,30.490000,30.830000,6.093192148097594
2023-08-17,29.700001,29.700001,4.970763140797208
2023-08-18,27.030001,27.940001,3.5343042690861584
2023-08-21,28.020000,28.836000,20.5673654494204
2023-08-22,29.504999,29.510000,35.58589601117011
2023-08-23,28.600000,29.719999,36.18420244690204
2023-08-24,29.799999,29.799999,50.68964175980235
2023-08-25,28.520000,28.860001,62.713312895318175
2023-08-28,29.209999,29.299999,60.701439479711766
2023-08-29,28.840000,31.250000,42.51968787366463
2023-08-30,30.990000,31.906000,71.00177223323178
2023-08-31,31.510000,32.345001,67.06588846260787
2023-09-01,32.470001,32.470001,92.11089384027588
2023-09-05,31.020000,31.500000,66.60551071458517
2023-09-06,30.750000,30.750000,67.85046061665022
2023-09-07,29.400000,30.753000,32.527480207701046
2023-09-08,30.340000,31.299999,38.22938099421288
2023-09-11,31.959999,33.270000,45.470674955595
2023-09-12,32.570000,33.452999,66.1795407098121
2023-09-13,32.619999,33.180000,70.45951213556063
2023-09-14,33.270000,34.169998,100.0
2023-09-15,33.700001,33.700001,100.0
2023-09-18,31.840000,31.950001,48.33334861109839
2023-09-19,30.605000,30.726000,26.74557313819023
2023-09-20,30.969999,31.250000,31.82820183779657
2023-09-21,28.620001,28.620001,12.740386657113214
2023-09-22,27.750000,27.830000,5.464057704200267
2023-09-25,26.340000,26.920000,5.858733823028528
2023-09-26,26.080000,26.530001,6.945749551189186
2023-09-27,25.639999,25.676001,0.0
2023-09-28,24.830000,26.150000,0.0
2023-09-29,27.000000,27.214001,42.63261296660119
2023-10-02,25.900000,26.805000,45.397489539748946
2023-10-03,25.650000,25.650000,45.49266247379455
2023-10-04,24.760000,26.030001,41.570889189825536
2023-10-05,25.690001,25.893999,58.052442312276725
2023-10-06,24.670000,26.202999,22.19571732901318
2023-10-09,25.000000,26.184000,36.84211295782866
2023-10-10,25.990000,27.636000,54.08653649685747
2023-10-11,27.180000,27.530001,77.13003267711542
2023-10-12,27.209999,27.209999,71.34828651685397
2023-10-13,26.379999,26.386999,75.37091257297111
2023-10-16,25.469999,26.480000,55.94935593654582
2023-10-17,25.510000,26.879000,42.00000000000005
2023-10-18,25.712000,25.929001,13.518886679920422
2023-10-19,23.920000,24.270000,6.412319445596297
2023-10-20,22.250000,22.452999,5.244927341801583
2023-10-23,21.290001,22.209999,5.188700686106314
2023-10-24,22.180000,22.805000,19.8041239768313
2023-10-25,21.879999,21.891001,15.858858848691883
2023-10-26,20.900000,21.240000,18.541653559022297
2023-10-27,21.110001,21.565001,32.9341415970484
2023-10-30,21.469999,21.540001,53.28463743404193
2023-10-31,21.170000,21.790001,26.511606057308047
2023-11-01,22.049999,22.570000,53.113557675542346
2023-11-02,23.680000,24.240000,91.12428468892587
2023-11-03,24.750000,25.500000,92.92454688057563
2023-11-06,25.540001,25.625000,93.57603854389723
2023-11-07,25.320000,26.197001,95.20695197954163
2023-11-08,26.160000,26.160000,95.16481637484635
2023-11-09,25.594999,25.594999,77.47485439754287
2023-11-10,24.570000,25.650000,47.38372245132416
2023-11-13,25.240000,26.200001,45.48191401147165
2023-11-14,27.900000,28.830000,72.39583333333333
2023-11-15,29.000000,29.379999,73.58803986710964
2023-11-16,27.879999,28.405001,67.37642585551332
2023-11-17,27.920000,28.570000,79.96421110403898
2023-11-20,28.330000,28.900000,78.98685591487585
2023-11-21,28.030001,28.590000,52.188568286677345
2023-11-22,28.879999,29.290001,47.79409845371269
2023-11-24,28.600000,28.964001,69.14899332286168
2023-11-27,28.990000,29.360001,73.99107442345185
2023-11-28,28.790001,29.469999,61.386191549979145
2023-11-29,30.080000,30.510000,84.05319610165468
2023-11-30,29.080000,29.139999,53.164575789154185
2023-12-01,28.663000,30.230000,50.95541459230486
2023-12-04,29.469999,30.114000,56.46202729835274
2023-12-05,29.559999,30.850000,60.68255309797622
2023-12-06,30.760000,31.040001,59.67558338076271
2023-12-07,30.605000,30.920000,78.56875234170104
2023-12-08,30.500000,31.420000,88.96902842596516
2023-12-11,31.020000,31.590000,87.4396195943866
2023-12-12,31.280001,31.804001,88.39286750636823
2023-12-13,31.700001,33.105999,82.19179301931976
2023-12-14,33.980000,34.639999,97.07112970711295
2023-12-15,34.139999,34.720001,100.0
2023-12-18,34.740002,35.439999,100.0
2023-12-19,35.360001,36.166000,100.0
2023-12-20,35.480000,36.380001,100.00000000000001
2023-12-21,35.000000,35.500000,75.75757575757588
2023-12-22,34.987999,35.450001,73.14407953703119
2023-12-26,34.639999,35.154999,46.8353460983205
